V1,V2,V3,V4,V5,V6,V7,V8,V9,V10,Field,School,Aid1,Aid2,Tuition1,Tuition2,Tuition3,Income1,Income2,Income3,Income4,Employ1,Employ2,Employ3,Employ4,Employ5,Loan1,Loan2,Loan3,Loan4,Loan5,Q1.1,Q1.2,Q1.3_1_1_TEXT,Q1.3_2_1_TEXT,Q1.3_3_1_TEXT,Q1.4_1_1_TEXT,Q1.4_2_1_TEXT,Q1.4_3_1_TEXT,Q1.5_1_1_TEXT,Q1.5_2_1_TEXT,Q1.5_3_1_TEXT,Q1.6_1_1_TEXT,Q1.6_2_1_TEXT,Q1.6_3_1_TEXT,Q1.6_4_1_TEXT,Q1.6_5_1_TEXT,Q1.6_6_1_TEXT,Q1.7_1_1_TEXT,Q1.7_2_1_TEXT,Q1.7_3_1_TEXT,Q1.8_1_1_TEXT,Q1.8_2_1_TEXT,Q1.8_3_1_TEXT,Q1.8_4_1_TEXT,Q1.9_1_1_TEXT,Q1.9_2_1_TEXT,Q1.9_3_1_TEXT,Q1.10_1_1_TEXT,Q1.10_1_2_TEXT,Q1.10_2_1_TEXT,Q1.10_2_2_TEXT,Q1.10_3_1_TEXT,Q1.10_3_2_TEXT,Q1.10_4_1_TEXT,Q1.10_4_2_TEXT,Q1.11,Q1.12_1_1_TEXT,Q1.12_2_1_TEXT,Q1.12_3_1_TEXT,Q1.12_4_1_TEXT,Q1.12_5_1_TEXT,Q43,Q2.1,Q2.2_1_1_TEXT,Q2.2_2_1_TEXT,Q2.2_3_1_TEXT,Q56_1_1_TEXT,Q2.3_1_1_TEXT,Q2.3_2_1_TEXT,Q2.3_3_1_TEXT,Q2.3_4_1_TEXT,Q2.3_5_1_TEXT,Q2.3_6_1_TEXT,Q2.3_7_1_TEXT,Q3.1_1_1_TEXT,Q3.1_2_1_TEXT,Q3.1_3_1_TEXT,Q3.2_1_1_TEXT,Q3.2_2_1_TEXT,Q3.2_3_1_TEXT,Q3.3_1_1_TEXT,Q3.3_2_1_TEXT,Q3.3_3_1_TEXT,Q3.4_1_1_TEXT,Q3.4_2_1_TEXT,Q3.4_3_1_TEXT,Q3.4_4_1_TEXT,Q3.4_5_1_TEXT,Q3.4_6_1_TEXT,Q3.5_1_1_TEXT,Q3.5_2_1_TEXT,Q3.5_3_1_TEXT,Q3.6_1_1_TEXT,Q3.6_2_1_TEXT,Q3.6_3_1_TEXT,Q3.6_4_1_TEXT,Q3.7_1_1_TEXT,Q3.7_2_1_TEXT,Q3.7_3_1_TEXT,Q3.9,Q4.1,Q4.2_1_1_TEXT,Q4.2_2_1_TEXT,Q4.2_3_1_TEXT,Q4.2_4_1_TEXT,Q4.3_1_1_TEXT,Q4.3_2_1_TEXT,Q4.3_3_1_TEXT,Q4.3_4_1_TEXT,Q4.3_5_1_TEXT,Q4.3_6_1_TEXT,Q4.3_7_1_TEXT,Q46_1_1_TEXT,Q46_2_1_TEXT,Q46_3_1_TEXT,Q47_1_1_TEXT,Q47_2_1_TEXT,Q47_3_1_TEXT,Q49_1_1_TEXT,Q49_2_1_TEXT,Q49_3_1_TEXT,Q50_1_1_TEXT,Q50_2_1_TEXT,Q50_3_1_TEXT,Q50_4_1_TEXT,Q51_1_1_TEXT,Q51_2_1_TEXT,Q51_3_1_TEXT,Q52_1_1_TEXT,Q52_2_1_TEXT,Q52_3_1_TEXT,Q52_4_1_TEXT,Q53_1_1_TEXT,Q53_2_1_TEXT,Q53_3_1_TEXT,Q54_1_1_TEXT,Q54_2_1_TEXT,Q54_3_1_TEXT,Q54_4_1_TEXT,Q5.1_1_1_TEXT,Q5.1_2_1_TEXT,Q5.1_3_1_TEXT,Q5.1_4_1_TEXT,Q5.2_1_1_TEXT,Q5.2_1_2_TEXT,Q5.2_2_1_TEXT,Q5.2_2_2_TEXT,Q5.2_3_1_TEXT,Q5.2_3_2_TEXT,Q5.2_4_1_TEXT,Q5.2_4_2_TEXT,Q5.2_5_1_TEXT,Q5.2_5_2_TEXT,Q5.2_6_1_TEXT,Q5.2_6_2_TEXT,Q5.2_7_1_TEXT,Q5.2_7_2_TEXT,Q5.2_8_1_TEXT,Q5.2_8_2_TEXT,Q5.3_1_1_TEXT,Q5.3_2_1_TEXT,Q5.3_3_1_TEXT,Q5.3_4_1_TEXT,Q5.3_5_1_TEXT,Q5.3_6_1_TEXT,Q5.3_7_1_TEXT,Q5.3_8_1_TEXT,Q5.3_9_1_TEXT,Q5.4_1_1_TEXT,Q5.4_1_2_TEXT,Q5.4_2_1_TEXT,Q5.4_2_2_TEXT,Q5.4_3_1_TEXT,Q5.4_3_2_TEXT,Q5.4_4_1_TEXT,Q5.4_4_2_TEXT,Q5.4_5_1_TEXT,Q5.4_5_2_TEXT,Q5.4_6_1_TEXT,Q5.4_6_2_TEXT,Q5.4_7_1_TEXT,Q5.4_7_2_TEXT,Q5.4_8_1_TEXT,Q5.4_8_2_TEXT,Q5.4_11_1_TEXT,Q5.4_11_2_TEXT,Q5.4_12_1_TEXT,Q5.4_12_2_TEXT,Q5.5_1_1_TEXT,Q5.5_1_2_TEXT,Q5.5_2_1_TEXT,Q5.5_2_2_TEXT,Q5.5_3_1_TEXT,Q5.5_3_2_TEXT,Q5.5_4_1_TEXT,Q5.5_4_2_TEXT,Q5.5_5_1_TEXT,Q5.5_5_2_TEXT,Q5.5_6_1_TEXT,Q5.5_6_2_TEXT,Q5.5_7_1_TEXT,Q5.5_7_2_TEXT,Q5.5_8_1_TEXT,Q5.5_8_2_TEXT,Q5.5_9_1_TEXT,Q5.5_9_2_TEXT,Q5.5_10_1_TEXT,Q5.5_10_2_TEXT,Q6.1_1,Q6.1_2,Q6.1_3,Q6.1_4,Q6.1_5,Q6.2_1,Q6.3_1,Q6.4,LocationLatitude,LocationLongitude,LocationAccuracy,
ResponseID,ResponseSet,Name,ExternalDataReference,EmailAddress,IPAddress,Status,StartDate,EndDate,Finished,Field,School,Aid1,Aid2,Tuition1,Tuition2,Tuition3,Income1,Income2,Income3,Income4,Employ1,Employ2,Employ3,Employ4,Employ5,Loan1,Loan2,Loan3,Loan4,Loan5,"Throughout this data request, totals and percentages will be automatically calculated. If you dec...","In prior years, student financial aid data for The Cummings School includes DVM programs only. If...",${e://Field/Income1}   Income   Please enter all amounts in dollars ($)   View this section in th...-Tuition & Fees-Income: ${e://Field/Income1} ($),${e://Field/Income1}   Income   Please enter all amounts in dollars ($)   View this section in th...-Room & Board-Income: ${e://Field/Income1} ($),"${e://Field/Income1}   Income   Please enter all amounts in dollars ($)   View this section in th...-<strong>Total Income (Tuition, Fees, Room &amp; Board)</strong>-Income: ${e://Field/Income1} ($)",${e://Field/Aid1}   Direct Contributions: Unsponsored Institutional Scholarships and Grants   Ple...-Unsponsored Institutional Grant Aid-Direct Contributions: ${e://Field/Aid1} ($),${e://Field/Aid1}   Direct Contributions: Unsponsored Institutional Scholarships and Grants   Ple...-Tuition Remission-Direct Contributions: ${e://Field/Aid1} ($),${e://Field/Aid1}   Direct Contributions: Unsponsored Institutional Scholarships and Grants   Ple...-<b>Total Unsponsored Institutional Scholarships & Grants</b>-Direct Contributions: ${e://Field/Aid1} ($),${e://Field/Aid1} Direct Contributions: Unsponsored Institutional Scholarships and Grants Please...-Unsponsored Institutional Grant Aid-Direct Contributions: ${e://Field/Aid1} ($),${e://Field/Aid1} Direct Contributions: Unsponsored Institutional Scholarships and Grants Please...-Unsponsored instituional grant aid as % of total income-Direct Contributions: ${e://Field/Aid1} ($),${e://Field/Aid1} Direct Contributions: Unsponsored Institutional Scholarships and Grants Please...-Total income-Direct Contributions: ${e://Field/Aid1} ($),${e://Field/Aid1}   Direct Contributions: Funded Scholarships   Please enter all amounts in dolla...-Income from Rest. Endow.-Direct Contributions: ${e://Field/Aid1} ($),${e://Field/Aid1}   Direct Contributions: Funded Scholarships   Please enter all amounts in dolla...-Current Scholarship Gifts (non-govt)<sup>1</sup>-Direct Contributions: ${e://Field/Aid1} ($),${e://Field/Aid1}   Direct Contributions: Funded Scholarships   Please enter all amounts in dolla...-Other Outside Gifts or Scholarships<sup>2</sup>-Direct Contributions: ${e://Field/Aid1} ($),${e://Field/Aid1}   Direct Contributions: Funded Scholarships   Please enter all amounts in dolla...-Research & Other Grants (govt)-Direct Contributions: ${e://Field/Aid1} ($),${e://Field/Aid1}   Direct Contributions: Funded Scholarships   Please enter all amounts in dolla...-Contracts-Direct Contributions: ${e://Field/Aid1} ($),${e://Field/Aid1}   Direct Contributions: Funded Scholarships   Please enter all amounts in dolla...-<strong>Total Funded Scholarships</strong>-Direct Contributions: ${e://Field/Aid1} ($),${e://Field/Employ1} Direct Contributions: Employment   Please enter all amounts in dollars ($)  ...-Tufts Work Study-Direct Contributions: ${e://Field/Employ1} ($),${e://Field/Employ1} Direct Contributions: Employment   Please enter all amounts in dollars ($)  ...-College Work-Study Program<sup>3</sup>-Direct Contributions: ${e://Field/Employ1} ($),${e://Field/Employ1} Direct Contributions: Employment   Please enter all amounts in dollars ($)  ...-<strong>Total Employment </strong>-Direct Contributions: ${e://Field/Employ1} ($),${e://Field/Loan1}   Loans   Please enter all amounts in dollars ($)   View this section in the 2...-Tufts Controlled<sup>4</sup>-Loans: ${e://Field/Loan1} ($),${e://Field/Loan1}   Loans   Please enter all amounts in dollars ($)   View this section in the 2...-Federal and Private Student Loans<sup>5</sup>-Loans: ${e://Field/Loan1} ($),${e://Field/Loan1}   Loans   Please enter all amounts in dollars ($)   View this section in the 2...-<strong>Total Loans</strong>-Loans: ${e://Field/Loan1} ($),${e://Field/Loan1}   Loans   Please enter all amounts in dollars ($)   View this section in the 2...-Parent Loans-Loans: ${e://Field/Loan1} ($),${e://Field/Aid1}   Summary: Student Financial Aid   The fields below aggregate data entered abov...-Total Direct Contributions-Amount ($): ${e://Field/Aid1},${e://Field/Aid1}   Summary: Student Financial Aid   The fields below aggregate data entered abov...-Total Loans-Amount ($): ${e://Field/Aid1},${e://Field/Aid1}   Summary: Student Financial Aid   The fields below aggregate data entered abov...-Total Financial Aid-Amount ($): ${e://Field/Aid1},${e://Field/Aid1}   Summary: Student Financial Aid   The fields below aggregate data entered abov...-Total Direct Contributions-Amount ($),${e://Field/Aid1}   Summary: Student Financial Aid   The fields below aggregate data entered abov...-Total Direct Contributions-% of Total Income,${e://Field/Aid1}   Summary: Student Financial Aid   The fields below aggregate data entered abov...-Total Loans-Amount ($),${e://Field/Aid1}   Summary: Student Financial Aid   The fields below aggregate data entered abov...-Total Loans-% of Total Income,${e://Field/Aid1}   Summary: Student Financial Aid   The fields below aggregate data entered abov...-Total Financial Aid-Amount ($),${e://Field/Aid1}   Summary: Student Financial Aid   The fields below aggregate data entered abov...-Total Financial Aid-% of Total Income,${e://Field/Aid1}   Summary: Student Financial Aid   The fields below aggregate data entered abov...-Total Income-Amount ($),${e://Field/Aid1}   Summary: Student Financial Aid   The fields below aggregate data entered abov...-Total Income-% of Total Income,Do you have any new notes regarding the above data or changes to existing notes that should be in...,${e://Field/School}   Financial Aid Data for Tufts Dashboard-Number of first year undergraduate students-Undergraduate Financial Aid,${e://Field/School}   Financial Aid Data for Tufts Dashboard-First year undergraduates receiving Pell Grants-Undergraduate Financial Aid,${e://Field/School}   Financial Aid Data for Tufts Dashboard-First year undergraduates receiving Tufts Grant Aid-Undergraduate Financial Aid,${e://Field/School}   Financial Aid Data for Tufts Dashboard-% of first year students receiving Pell Grants-Undergraduate Financial Aid,${e://Field/School}   Financial Aid Data for Tufts Dashboard-% of first year students receiving Tufts Aid-Undergraduate Financial Aid,Please use the space below if you have any additional information to share regarding your data.,OIRE is also requesting financial aid data related to the T10 Strategic Plan. We appreciate your...,${e://Field/Aid1}   T10 Strategic Plan Metrics: Financial Aid   First year students receiving ins...-First year students enrolling Fall 2015-&nbsp;,${e://Field/Aid1}   T10 Strategic Plan Metrics: Financial Aid   First year students receiving ins...-First year students receiving institutional aid-&nbsp;,${e://Field/Aid1}   T10 Strategic Plan Metrics: Financial Aid   First year students receiving ins...-% of first year students receiving institutional aid-&nbsp;,${e://Field/Aid1} First year student financial aid: Average Institutional Aid Award-Institutional Grant Aid for First Year Students-Average Award ($),${e://Field/Aid1}   T10 Strategic Plan Metrics: Financial Aid   Please provide the following data...-Total enrolled students-&nbsp;,${e://Field/Aid1}   T10 Strategic Plan Metrics: Financial Aid   Please provide the following data...-Number of enrolled students receiving institutional aid-&nbsp;,${e://Field/Aid1}   T10 Strategic Plan Metrics: Financial Aid   Please provide the following data...-% of enrolled students receiving institutional aid-&nbsp;,${e://Field/Aid1}   T10 Strategic Plan Metrics: Financial Aid   Please provide the following data...-Number of enrolled students taking out Federal Direct Student Loans-&nbsp;,${e://Field/Aid1}   T10 Strategic Plan Metrics: Financial Aid   Please provide the following data...-% of enrolled students taking out Federal Direct loans-&nbsp;,${e://Field/Aid1}   T10 Strategic Plan Metrics: Financial Aid   Please provide the following data...-Number of enrolled students taking out any student loans (Federal Direct and private loans)-&nbsp;,${e://Field/Aid1}   T10 Strategic Plan Metrics: Financial Aid   Please provide the following data...-% of enrolled students taking out any student loans-&nbsp;,${e://Field/Income2}   Income   Please enter all amounts in dollars ($)   View this section in th...-Tuition & Fees-Amount ($): ${e://Field/Income2},${e://Field/Income2}   Income   Please enter all amounts in dollars ($)   View this section in th...-Room & Board-Amount ($): ${e://Field/Income2},"${e://Field/Income2}   Income   Please enter all amounts in dollars ($)   View this section in th...-<strong>Total Income (Tuition, Fees, Room &amp; Board)</strong>-Amount ($): ${e://Field/Income2}",${e://Field/Aid2}   Direct Contributions: Unsponsored Institutional Scholarships and Grants   Ple...-Unsponsored Institutional Grant Aid-Direct Contributions: ${e://Field/Aid2},${e://Field/Aid2}   Direct Contributions: Unsponsored Institutional Scholarships and Grants   Ple...-Tuition Remission-Direct Contributions: ${e://Field/Aid2},${e://Field/Aid2}   Direct Contributions: Unsponsored Institutional Scholarships and Grants   Ple...-<b>Total Unsponsored Institutional Scholarships & Grants</b>-Direct Contributions: ${e://Field/Aid2},${e://Field/Aid2} Direct Contributions: Unsponsored Institutional Scholarships and Grants Please...-Unsponsored Institutional Grant Aid-Direct Contributions: ${e://Field/Aid2},${e://Field/Aid2} Direct Contributions: Unsponsored Institutional Scholarships and Grants Please...-Unsponsored instituional grant aid as % of total income-Direct Contributions: ${e://Field/Aid2},${e://Field/Aid2} Direct Contributions: Unsponsored Institutional Scholarships and Grants Please...-Total income-Direct Contributions: ${e://Field/Aid2},${e://Field/Aid2}   Direct Contributions: Funded Scholarships   View this section in the 2014-15...-Income from Rest. Endow.-Funded Scholarships: ${e://Field/Aid2} ($),${e://Field/Aid2}   Direct Contributions: Funded Scholarships   View this section in the 2014-15...-Current Scholarship Gifts (non-govt)<sup>1</sup>-Funded Scholarships: ${e://Field/Aid2} ($),${e://Field/Aid2}   Direct Contributions: Funded Scholarships   View this section in the 2014-15...-Other Outside Gifts or Scholarships<sup>2</sup>-Funded Scholarships: ${e://Field/Aid2} ($),${e://Field/Aid2}   Direct Contributions: Funded Scholarships   View this section in the 2014-15...-Research & Other Grants (govt)-Funded Scholarships: ${e://Field/Aid2} ($),${e://Field/Aid2}   Direct Contributions: Funded Scholarships   View this section in the 2014-15...-Contracts-Funded Scholarships: ${e://Field/Aid2} ($),${e://Field/Aid2}   Direct Contributions: Funded Scholarships   View this section in the 2014-15...-<strong>Total Funded Scholarships</strong>-Funded Scholarships: ${e://Field/Aid2} ($),${e://Field/Employ2} Direct Contributions: Employment   Please enter all amounts in dollars ($)  ...-Tufts Work Study-Employment: ${e://Field/Employ2} ($),${e://Field/Employ2} Direct Contributions: Employment   Please enter all amounts in dollars ($)  ...-College Work-Study Program<sup>3</sup>-Employment: ${e://Field/Employ2} ($),${e://Field/Employ2} Direct Contributions: Employment   Please enter all amounts in dollars ($)  ...-<strong>Total Employment </strong>-Employment: ${e://Field/Employ2} ($),${e://Field/Loan2}   Loans   Please enter all amounts in dollars ($)   View this section in the 2...-Tufts Controlled<sup>5</sup>-Loans: ${e://Field/Loan2} ($),${e://Field/Loan2}   Loans   Please enter all amounts in dollars ($)   View this section in the 2...-Federal and Private Student Loans<sup>6</sup>-Loans: ${e://Field/Loan2} ($),${e://Field/Loan2}   Loans   Please enter all amounts in dollars ($)   View this section in the 2...-<strong>Total Loans</strong>-Loans: ${e://Field/Loan2} ($),${e://Field/Loan2}   Loans   Please enter all amounts in dollars ($)   View this section in the 2...-Parent Loans-Loans: ${e://Field/Loan2} ($),${e://Field/Aid2}   Summary: Student Financial Aid   The fields below aggregate data entered abov...-Total Direct Contributions-Amount ($): ${e://Field/Aid2},${e://Field/Aid2}   Summary: Student Financial Aid   The fields below aggregate data entered abov...-Total Loans-Amount ($): ${e://Field/Aid2},${e://Field/Aid2}   Summary: Student Financial Aid   The fields below aggregate data entered abov...-<strong>Total Financial Aid</strong>-Amount ($): ${e://Field/Aid2},Do you have any new notes regarding the above data or changes to existing notes that should be in...,OIRE is also requesting financial aid data related to the T10 Strategic Plan. We appreciate your...,${e://Field/Aid2}   T10 Strategic Plan Metrics: Financial Aid   Please provide the following data...-First year students enrolling Fall 2015-&nbsp;,${e://Field/Aid2}   T10 Strategic Plan Metrics: Financial Aid   Please provide the following data...-First year students receiving institutional aid-&nbsp;,${e://Field/Aid2}   T10 Strategic Plan Metrics: Financial Aid   Please provide the following data...-% of first year students receiving institutional aid-&nbsp;,${e://Field/Aid2}   T10 Strategic Plan Metrics: Financial Aid   Please provide the following data...-Average institutional aid award-&nbsp;,${e://Field/Aid2}   T10 Strategic Plan Metrics: Financial Aid   Please provide the following data...-Total enrolled students-&nbsp;,${e://Field/Aid2}   T10 Strategic Plan Metrics: Financial Aid   Please provide the following data...-Number of enrolled students receiving institutional aid-&nbsp;,${e://Field/Aid2}   T10 Strategic Plan Metrics: Financial Aid   Please provide the following data...-% of enrolled students receiving institutional aid-&nbsp;,${e://Field/Aid2}   T10 Strategic Plan Metrics: Financial Aid   Please provide the following data...-Number of enrolled students taking Federal Direct Student Loans-&nbsp;,${e://Field/Aid2}   T10 Strategic Plan Metrics: Financial Aid   Please provide the following data...-% of enrolled students taking out Federal Direct Student Loans-&nbsp;,${e://Field/Aid2}   T10 Strategic Plan Metrics: Financial Aid   Please provide the following data...-Number of enrolled students taking out any student loans (Federal Direct and private student loans)-&nbsp;,${e://Field/Aid2}   T10 Strategic Plan Metrics: Financial Aid   Please provide the following data...-% of enrolled students taking out any student loans-&nbsp;,${e://Field/Income3}   Income   Please enter all amounts in dollars ($)   View this section in th...-Tuition & Fees-Amount ($): ${e://Field/Income3},${e://Field/Income3}   Income   Please enter all amounts in dollars ($)   View this section in th...-Room & Board-Amount ($): ${e://Field/Income3},"${e://Field/Income3}   Income   Please enter all amounts in dollars ($)   View this section in th...-<strong>Total Income (Tuition, Fees, Room &amp; Board)</strong>-Amount ($): ${e://Field/Income3}",${e://Field/Income4}   Income   Please enter all amounts in dollars ($)   View this section in th...-Tuition & Fees-Amount ($): ${e://Field/Income4},${e://Field/Income4}   Income   Please enter all amounts in dollars ($)   View this section in th...-Room & Board-Amount ($): ${e://Field/Income4},"${e://Field/Income4}   Income   Please enter all amounts in dollars ($)   View this section in th...-<strong>Total Income (Tuition, Fees, Room &amp; Board)</strong>-Amount ($): ${e://Field/Income4}",${e://Field/Employ3} Direct Contributions: Employment   Please enter all amounts in dollars ($)  ...-Tufts Work Study-Employment ($): ${e://Field/Employ3},${e://Field/Employ3} Direct Contributions: Employment   Please enter all amounts in dollars ($)  ...-College Work-Study Program<sup>3</sup>-Employment ($): ${e://Field/Employ3},${e://Field/Employ3} Direct Contributions: Employment   Please enter all amounts in dollars ($)  ...-<strong>Total Employment </strong>-Employment ($): ${e://Field/Employ3},${e://Field/Loan3}   Loans   Please enter all amounts in dollars ($)   View this section in the 2...-Tufts Controlled<sup>5</sup>-Loans ($): ${e://Field/Loan3},${e://Field/Loan3}   Loans   Please enter all amounts in dollars ($)   View this section in the 2...-Federal and Private Student Loans<sup>6</sup>-Loans ($): ${e://Field/Loan3},${e://Field/Loan3}   Loans   Please enter all amounts in dollars ($)   View this section in the 2...-<strong>Total Loans</strong>-Loans ($): ${e://Field/Loan3},${e://Field/Loan3}   Loans   Please enter all amounts in dollars ($)   View this section in the 2...-Parent Loans-Loans ($): ${e://Field/Loan3},${e://Field/Employ4} Direct Contributions: Employment   Please enter all amounts in dollars ($)  ...-Tufts Work Study-Employment ($): ${e://Field/Employ4},${e://Field/Employ4} Direct Contributions: Employment   Please enter all amounts in dollars ($)  ...-College Work-Study Program<sup>3</sup>-Employment ($): ${e://Field/Employ4},${e://Field/Employ4} Direct Contributions: Employment   Please enter all amounts in dollars ($)  ...-<strong>Total Employment </strong>-Employment ($): ${e://Field/Employ4},${e://Field/Loan4}   Loans   Please enter all amounts in dollars ($)   View this section in the 2...-Tufts Controlled<sup>5</sup>-Loans ($): ${e://Field/Loan4},${e://Field/Loan4}   Loans   Please enter all amounts in dollars ($)   View this section in the 2...-Federal and Private Student Loans<sup>6</sup>-Loans ($): ${e://Field/Loan4},${e://Field/Loan4}   Loans   Please enter all amounts in dollars ($)   View this section in the 2...-<strong>Total Loans</strong>-Loans ($): ${e://Field/Loan4},${e://Field/Loan4}   Loans   Please enter all amounts in dollars ($)   View this section in the 2...-Parent Loans-Loans ($): ${e://Field/Loan4},${e://Field/Employ5} Direct Contributions: Employment   Please enter all amounts in dollars ($)  ...-Tufts Work Study-Employment ($): ${e://Field/Employ5},${e://Field/Employ5} Direct Contributions: Employment   Please enter all amounts in dollars ($)  ...-College Work-Study Program<sup>3</sup>-Employment ($): ${e://Field/Employ5},${e://Field/Employ5} Direct Contributions: Employment   Please enter all amounts in dollars ($)  ...-<strong>Total Employment </strong>-Employment ($): ${e://Field/Employ5},${e://Field/Loan5}   Loans   Please enter all amounts in dollars ($)   View this section in the 2...-Tufts Controlled<sup>5</sup>-Loans ($): ${e://Field/Loan5},${e://Field/Loan5}   Loans   Please enter all amounts in dollars ($)   View this section in the 2...-Federal and Private Student Loans<sup>6</sup>-Loans ($): ${e://Field/Loan5},${e://Field/Loan5}   Loans   Please enter all amounts in dollars ($)   View this section in the 2...-<strong>Total Loans</strong>-Loans ($): ${e://Field/Loan5},${e://Field/Loan5}   Loans   Please enter all amounts in dollars ($)   View this section in the 2...-Parent Loans-Loans ($): ${e://Field/Loan5},Please provide the following data about all undergraduate students.   Undergraduate Financial Aid...-Estimated Total College Cost per Student-Amount ($),Please provide the following data about all undergraduate students.   Undergraduate Financial Aid...-Estimated Tuition and Fees per Student-Amount ($),Please provide the following data about all undergraduate students.   Undergraduate Financial Aid...-Number of Students (FTE)-Amount ($),"Please provide the following data about all undergraduate students.   Undergraduate Financial Aid...-<span style=""font-size:16px;""><b>Total Tuition and Fees Revenue</b></span><sup>1</sup>-Amount ($)",Undergraduate Financial Aid Selected Statistics: Components of Aid Packages   View this section i...-University Scholarships-Amount ($),Undergraduate Financial Aid Selected Statistics: Components of Aid Packages   View this section i...-University Scholarships-% of Total Aid,Undergraduate Financial Aid Selected Statistics: Components of Aid Packages   View this section i...-Tuition Remission-Amount ($),Undergraduate Financial Aid Selected Statistics: Components of Aid Packages   View this section i...-Tuition Remission-% of Total Aid,Undergraduate Financial Aid Selected Statistics: Components of Aid Packages   View this section i...-Federal Aid Scholarships (SOG/PELL/ROTC/Misc.)-Amount ($),Undergraduate Financial Aid Selected Statistics: Components of Aid Packages   View this section i...-Federal Aid Scholarships (SOG/PELL/ROTC/Misc.)-% of Total Aid,Undergraduate Financial Aid Selected Statistics: Components of Aid Packages   View this section i...-State-Amount ($),Undergraduate Financial Aid Selected Statistics: Components of Aid Packages   View this section i...-State-% of Total Aid,Undergraduate Financial Aid Selected Statistics: Components of Aid Packages   View this section i...-Private-Amount ($),Undergraduate Financial Aid Selected Statistics: Components of Aid Packages   View this section i...-Private-% of Total Aid,Undergraduate Financial Aid Selected Statistics: Components of Aid Packages   View this section i...-Student Employment-Amount ($),Undergraduate Financial Aid Selected Statistics: Components of Aid Packages   View this section i...-Student Employment-% of Total Aid,Undergraduate Financial Aid Selected Statistics: Components of Aid Packages   View this section i...-Student Loans-Amount ($),Undergraduate Financial Aid Selected Statistics: Components of Aid Packages   View this section i...-Student Loans-% of Total Aid,"Undergraduate Financial Aid Selected Statistics: Components of Aid Packages   View this section i...-<span style=""font-size:16px;""><b>Total Aid</b></span>-Amount ($)","Undergraduate Financial Aid Selected Statistics: Components of Aid Packages   View this section i...-<span style=""font-size:16px;""><b>Total Aid</b></span>-% of Total Aid",Undergraduate Financial Aid Selected Statistics: Financial Aid    Financial Aid Summary for all u...-Number of students receiving financial aid-Summary: Financial Aid,Undergraduate Financial Aid Selected Statistics: Financial Aid    Financial Aid Summary for all u...-% of students aided-Summary: Financial Aid,Undergraduate Financial Aid Selected Statistics: Financial Aid    Financial Aid Summary for all u...-Average Award-Summary: Financial Aid,Undergraduate Financial Aid Selected Statistics: Financial Aid    Financial Aid Summary for all u...-Average Award as % of Total Cost-Summary: Financial Aid,Undergraduate Financial Aid Selected Statistics: Financial Aid    Financial Aid Summary for all u...-Total Aid as % of Total Revenue (Tuition & Fees)-Summary: Financial Aid,Undergraduate Financial Aid Selected Statistics: Financial Aid    Financial Aid Summary for all u...-Number of Students-Summary: Financial Aid,Undergraduate Financial Aid Selected Statistics: Financial Aid    Financial Aid Summary for all u...-Total Cost per Student-Summary: Financial Aid,Undergraduate Financial Aid Selected Statistics: Financial Aid    Financial Aid Summary for all u...-Total Aid-Summary: Financial Aid,Undergraduate Financial Aid Selected Statistics: Financial Aid    Financial Aid Summary for all u...-Total Tuition and Fees Revenue-Summary: Financial Aid,"Undergraduate Financial Aid   Need-based Aid from Tufts: Family Income of Aid Recipients   Please...-Below $30,000-# of Recipients","Undergraduate Financial Aid   Need-based Aid from Tufts: Family Income of Aid Recipients   Please...-Below $30,000-% of Recipients","Undergraduate Financial Aid   Need-based Aid from Tufts: Family Income of Aid Recipients   Please...-$30,000 - $59,999-# of Recipients","Undergraduate Financial Aid   Need-based Aid from Tufts: Family Income of Aid Recipients   Please...-$30,000 - $59,999-% of Recipients","Undergraduate Financial Aid   Need-based Aid from Tufts: Family Income of Aid Recipients   Please...-$60,000 - $89,999-# of Recipients","Undergraduate Financial Aid   Need-based Aid from Tufts: Family Income of Aid Recipients   Please...-$60,000 - $89,999-% of Recipients","Undergraduate Financial Aid   Need-based Aid from Tufts: Family Income of Aid Recipients   Please...-$90,000 - $119,999-# of Recipients","Undergraduate Financial Aid   Need-based Aid from Tufts: Family Income of Aid Recipients   Please...-$90,000 - $119,999-% of Recipients","Undergraduate Financial Aid   Need-based Aid from Tufts: Family Income of Aid Recipients   Please...-$120,000 - $149,999-# of Recipients","Undergraduate Financial Aid   Need-based Aid from Tufts: Family Income of Aid Recipients   Please...-$120,000 - $149,999-% of Recipients","Undergraduate Financial Aid   Need-based Aid from Tufts: Family Income of Aid Recipients   Please...-$150,000 - $179,999-# of Recipients","Undergraduate Financial Aid   Need-based Aid from Tufts: Family Income of Aid Recipients   Please...-$150,000 - $179,999-% of Recipients","Undergraduate Financial Aid   Need-based Aid from Tufts: Family Income of Aid Recipients   Please...-$180,000 - $209,999-# of Recipients","Undergraduate Financial Aid   Need-based Aid from Tufts: Family Income of Aid Recipients   Please...-$180,000 - $209,999-% of Recipients","Undergraduate Financial Aid   Need-based Aid from Tufts: Family Income of Aid Recipients   Please...-$210,000 - $239,999-# of Recipients","Undergraduate Financial Aid   Need-based Aid from Tufts: Family Income of Aid Recipients   Please...-$210,000 - $239,999-% of Recipients","Undergraduate Financial Aid   Need-based Aid from Tufts: Family Income of Aid Recipients   Please...-$240,000 and above-# of Recipients","Undergraduate Financial Aid   Need-based Aid from Tufts: Family Income of Aid Recipients   Please...-$240,000 and above-% of Recipients",Undergraduate Financial Aid   Need-based Aid from Tufts: Family Income of Aid Recipients   Please...-<strong>Total</strong>-# of Recipients,Undergraduate Financial Aid   Need-based Aid from Tufts: Family Income of Aid Recipients   Please...-<strong>Total</strong>-% of Recipients,"Undergraduate Financial Aid   Need-based Aid from Tufts: Range of Awards to Individuals   Please...-$0 - $7,999-Number of Awards","Undergraduate Financial Aid   Need-based Aid from Tufts: Range of Awards to Individuals   Please...-$0 - $7,999-Percentage of Awards","Undergraduate Financial Aid   Need-based Aid from Tufts: Range of Awards to Individuals   Please...-$8,000 - $15,999-Number of Awards","Undergraduate Financial Aid   Need-based Aid from Tufts: Range of Awards to Individuals   Please...-$8,000 - $15,999-Percentage of Awards","Undergraduate Financial Aid   Need-based Aid from Tufts: Range of Awards to Individuals   Please...-$16,000 - $23,999-Number of Awards","Undergraduate Financial Aid   Need-based Aid from Tufts: Range of Awards to Individuals   Please...-$16,000 - $23,999-Percentage of Awards","Undergraduate Financial Aid   Need-based Aid from Tufts: Range of Awards to Individuals   Please...-$24,000 - $31,999-Number of Awards","Undergraduate Financial Aid   Need-based Aid from Tufts: Range of Awards to Individuals   Please...-$24,000 - $31,999-Percentage of Awards","Undergraduate Financial Aid   Need-based Aid from Tufts: Range of Awards to Individuals   Please...-$32,000 - $39,999-Number of Awards","Undergraduate Financial Aid   Need-based Aid from Tufts: Range of Awards to Individuals   Please...-$32,000 - $39,999-Percentage of Awards","Undergraduate Financial Aid   Need-based Aid from Tufts: Range of Awards to Individuals   Please...-$40,000 - $47,999-Number of Awards","Undergraduate Financial Aid   Need-based Aid from Tufts: Range of Awards to Individuals   Please...-$40,000 - $47,999-Percentage of Awards","Undergraduate Financial Aid   Need-based Aid from Tufts: Range of Awards to Individuals   Please...-$48,000 - $55,999-Number of Awards","Undergraduate Financial Aid   Need-based Aid from Tufts: Range of Awards to Individuals   Please...-$48,000 - $55,999-Percentage of Awards",Undergraduate Financial Aid   Need-based Aid from Tufts: Range of Awards to Individuals   Please...-<strong>Total</strong>-Number of Awards,Undergraduate Financial Aid   Need-based Aid from Tufts: Range of Awards to Individuals   Please...-<strong>Total</strong>-Percentage of Awards,"Undergraduate Financial Aid   Need-based Aid from Tufts: Range of Awards to Individuals   Please...-$56,000 - $63,999-Number of Awards","Undergraduate Financial Aid   Need-based Aid from Tufts: Range of Awards to Individuals   Please...-$56,000 - $63,999-Percentage of Awards","Undergraduate Financial Aid   Need-based Aid from Tufts: Range of Awards to Individuals   Please...-$64,000 and above-Number of Awards","Undergraduate Financial Aid   Need-based Aid from Tufts: Range of Awards to Individuals   Please...-$64,000 and above-Percentage of Awards",Tuition Rates and Fees: Undergraduate   View this section in the 2014-15 Fact Book-Tuition,Tuition Rates and Fees: Undergraduate   View this section in the 2014-15 Fact Book-Room,Tuition Rates and Fees: Undergraduate   View this section in the 2014-15 Fact Book-Board,Tuition Rates and Fees: Undergraduate   View this section in the 2014-15 Fact Book-Health Service Fee,Tuition Rates and Fees: Undergraduate   View this section in the 2014-15 Fact Book-Activity Fee,Graduate & Professional School Tuition Rates: ${e://Field/Tuition1}   View this section in the 20...-&nbsp;,Graduate & Professional School Tuition Rates: ${e://Field/Tuition2}   View this section in the 20...-&nbsp;,Please use the space below to provide OIRE with any additional information about your data. When...,LocationLatitude,LocationLongitude,LocationAccuracy,
R_0rfkHLdEJQkF72l,Default Response Set,Anonymous,,,,1,2015-09-21 09:57:25,2015-09-21 09:57:39,1,,,,,,,,,,,,,,,,,,,,,,1,,,,,,,,,,,,,,,,,,,,,,,,,,,,,,,,,,,,,,,,,,,,,,,,,,,,,,,,,,,,,,,,,,,,,,,,,,,,,,,,,,,,,,,,,,,,,,,,,,,,,,,,,,,,,,,,,,,,,,,,,,,,,,,,,,,,,,,,,,,,,,,,,,,,,,,,,,,,,,,,,,,,,,,,,,,,,,,,,,,,,,,,,,,,0,0,0,0,0,0,,,42.401901245117,-71.119300842285,-1,
R_aa7jGYN5YYGdBU9,Default Response Set,"Test, Fletcher Tuition",,emma.morgan@tufts.edu,130.64.106.147,0,2015-09-25 10:15:01,2015-09-25 10:15:14,1,TR,Fletcher,,,"Fletcher (MALD, MA, LLM)",,,,,,,,,,,,,,,,,1,,,,,,,,,,,,,,,,,,,,,,,,,,,,,,,,,,,,,,,,,,,,,,,,,,,,,,,,,,,,,,,,,,,,,,,,,,,,,,,,,,,,,,,,,,,,,,,,,,,,,,,,,,,,,,,,,,,,,,,,,,,,,,,,,,,,,,,,,,,,,,,,,,,,,,,,,,,,,,,,,,,,,,,,,,,,,,,,,,,,,,,,,,,,,,,,,0,,,42.401901245117,-71.119300842285,-1,
R_38ZKzn91wjfh43j,Default Response Set,"Test, Fletcher",,tufts.fletcher.test@gmail.com,130.64.25.56,0,2015-09-25 10:17:22,2015-09-25 10:25:18,1,SFA,Fletcher,,,,,,,,,,,,,,,,,,,,1,,40000,10000,50000,,,,40000,80.0%,50000,1000,3000,2000,200,400,6600,400,200,600,40,200,240,,,,,47200,94.4%,240,0.5%,47440,94.9%,50000,,,,,,,,,1,500,300,60.0%,,,,,,,,,,,,,,,,,,,,,,,,,,,,,,,,,,,,,,,,,,,,,,,,,,,,,,,,,,,,,,,,,,,,,,,,,,,,,,,,,,,,,,,,,,,,,,,,,,,,,,,,,,,,,,,,,,,,,,,,,,,,,,,,,,,,,,,,,,,,,,,,,,,,,,,42.401901245117,-71.119300842285,-1,
R_ePcq3hnOJu44A0R,Default Response Set,"Test, Cummings",,cummingsvet.test@gmail.com,130.64.106.217,0,2015-09-28 09:49:45,2015-09-28 10:21:13,1,SFA; TR,Cummings,,,The Cummings School (DVM),,,,,,,,,,,,,,,,,1,1,17805,0,17805,,,,1565,8.8%,17805,174,120,418,0,0,712,0,56,56,578,12442,13020,,,,,2333,13.1%,13020,73.1%,15353,86.2%,17805,,,,,,,,,1,383,200,52.2%,,,,,,,,,,,,,,,,,,,,,,,,,,,,,,,,,,,,,,,,,,,,,,,,,,,,,,,,,,,,,,,,,,,,,,,,,,,,,,,,,,,,,,,,,,,,,,,,,,,,,,,,,,,,,,,,,,,,,,,,,,,,,,,,,,,,,,,,,,,,,,,,,,,,47966,,,42.401901245117,-71.119300842285,-1,
R_8u1iqnWSTmCNrJX,Default Response Set,"Test, Undergrad",,tuftsusae@gmail.com,130.64.106.147,0,2015-09-28 08:35:31,2015-09-28 14:27:00,1,SFA; UGFA;,Undergraduate AS&E,,,,,,,,,,,,,,,,,,,,1,,,,,,,,,,,,,,,,,,,,,,,,,,,,,,,,,,,,,,,,,,1,,,,,,,,,,,,,,,,,,,,,,,,,,,,,,,,,,,,,,,,,,,,,,,,,,,,,,,,,,,,,,,,,,,,,,,,,,,,,,,,,,,,,,,,,,,,,,,,,,,,,,,,,,,,,,,,,,,,,,,,,,,,,,,,,,,,,,,,,,,,,,,,,,,,,,,,,,42.401901245117,-71.119300842285,-1,
R_0UkPxhjYzrmvYUt,Default Response Set,"Test, Undergrad",,tuftsusae@gmail.com,130.64.106.147,0,2015-09-29 15:48:52,2015-09-29 15:49:29,1,SFA; UGFA;,Undergraduate AS&E,,,,,,,,,,,,,,,,,,,,1,,,,,,,,,,,,,,,,,,,,,,,,,,,,,,,,,,,,,,,,,,,,,,,,,,,,,,,,,,,,,,,,,,,,,,,,,,,,,,,,,,,,,,,,,,,,,,,,,,,,,,,,,,,,,,,,,,,,,,,,,,,,,,,,,,,,,,,,,,,,,,,,,,,,,,,,,,,,,,,,,,,,,,,,,,,,,,,,,,,,,,,,,,,,,,,,,,,,42.401901245117,-71.119300842285,-1,
R_4IL37i8gfjEZC3r,Default Response Set,"Test, Fletcher Tuition",,emma.morgan@tufts.edu,130.64.106.147,0,2015-09-25 10:10:37,2015-09-25 10:12:32,0,TR,Fletcher,,,"Fletcher (MALD, MA, LLM)",,,,,,,,,,,,,,,,,1,,,,,,,,,,,,,,,,,,,,,,,,,,,,,,,,,,,,,,,,,,,,,,,,,,,,,,,,,,,,,,,,,,,,,,,,,,,,,,,,,,,,,,,,,,,,,,,,,,,,,,,,,,,,,,,,,,,,,,,,,,,,,,,,,,,,,,,,,,,,,,,,,,,,,,,,,,,,,,,,,,,,,,,,,,,,,,,,,,,,,,,,,,,,,,,,,,,,,,-1,
R_1UnpnGzl6Zqk7g9,Default Response Set,"Test, Undergrad",,tuftsusae@gmail.com,130.64.106.147,0,2015-09-29 16:14:29,2015-10-02 11:48:33,1,SFA; UGFA;,Undergraduate AS&E,,,,,,,,,,,,,,,,,,,,1,,500,,500,100,50,150,,,,,,,,,,,,,,,,,,,,,,,,,,,,,,,,,,,1,,,,,,,,,,,,,,,,,,,,,,,,,,,,,,,,,,,,,,1,,,,,,,,,,,,,,,,,,,,,,,,,,,,,,,,,,,,,,,,,,,,,,,,,,,,,,,,,,,,,,,,,,,,10,100.0%,,0.0%,,0.0%,,0.0%,,0.0%,,0.0%,,0.0%,,0.0%,,0.0%,10,100.0%,,0.0%,,0.0%,,0.0%,,0.0%,,0.0%,,0.0%,,0.0%,0,0.0%,,,,,,,,,,,,,42.401901245117,-71.119300842285,-1,
R_9XgFKt1MLvfBiyV,Default Response Set,"Test, Sackler",,sackler.test@gmail.com,130.64.106.217,0,2015-09-28 10:42:50,2015-09-28 10:54:13,0,TR,Sackler,,,Sackler - Basic Science PhD,,,,,,,,,,,,,,,,,1,,,,,,,,,,,,,,,,,,,,,,,,,,,,,,,,,,,,,,,,,,,,,,,,,,,,,,,,,,,,,,,,,,,,,,,,,,,,,,,,,,,,,,,,,,,,,,,,,,,,,,,,,,,,,,,,,,,,,,,,,,,,,,,,,,,,,,,,,,,,,,,,,,,,,,,,,,,,,,,,,,,,,,,,,,,,,,,,,,,,,,,,,,,,,,,,,,,,,,-1,
R_6x3kGdeYXcguzTT,Default Response Set,"Test, Undergrad",,tuftsusae@gmail.com,130.64.106.147,0,2015-09-28 14:47:14,2015-09-28 14:47:53,0,SFA; UGFA;,Undergraduate AS&E,,,,,,,,,,,,,,,,,,,,1,,,,,,,,,,,,,,,,,,,,,,,,,,,,,,,,,,,,,,,,,,1,,,,,,,,,,,,,,,,,,,,,,,,,,,,,,,,,,,,,,,,,,,,,,,,,,,,,,,,,,,,,,,,,,,,,,,,,,,,,,,,,,,,,,,,,,,,,,,,,,,,,,,,,,,,,,,,,,,,,,,,,,,,,,,,,,,,,,,,,,,,,,,,,,,,,,,,,,,,-1,
R_2hp4NeVDS2CiLgV,Default Response Set,"Test, Dental",,tusdm.test@gmail.com,130.64.25.56,0,2015-09-25 10:25:46,2015-09-28 14:57:51,0,SFA; TR,Dental,,,Dental (DMD),,,,,,,,,,,,,,,,,1,,500,200,700,,,,300,42.9%,700,200,100,200,300,200,1000,100,100,200,100,100,200,,,,,1500,214.3%,200,28.6%,1700,242.9%,700,,,,,,,,,,,,,,,,,,,,,,,,,,,,,,,,,,,,,,,,,,,,,,,,,,,,,,,,,,,,,,,,,,,,,,,,,,,,,,,,,,,,,,,,,,,,,,,,,,,,,,,,,,,,,,,,,,,,,,,,,,,,,,,,,,,,,,,,,,,,,,,,,,,,,,,,,,,,,,,,,,,,,-1,
R_eydOSOPzD2IEdQp,Default Response Set,"Test, Undergrad",,tuftsusae@gmail.com,130.64.106.147,0,2015-09-29 15:50:41,2015-09-29 15:57:30,0,SFA; UGFA;,Undergraduate AS&E,,,,,,,,,,,,,,,,,,,,1,,,,,,,,,,,,,,,,,,,,,,,,,,,,,,,,,,,,,,,,,,1,,,,,,,,,,,,,,,,,,,,,,,,,,,,,,,,,,,,,,,,,,,,,,,,,,,,,,,,,,,,,,,,,,,,,,,,,,,,,,,,,,,,,,,,,,,,,,,,,,,,,,,,,,,,,,,,,,,,,,,,,,,,,,,,,,,,,,,,,,,,,,,,,,,,,,,,,,,,-1,
R_eEBcGfTg7gO4MwB,Default Response Set,"Test, Undergrad",,tuftsusae@gmail.com,130.64.106.147,8,2015-09-29 15:58:09,2015-09-29 16:00:51,0,SFA; UGFA;,Undergraduate AS&E,,,,,,,,,,,,,,,,,,,,1,,,,,,,,,,,,,,,,,,,,,,,,,,,,,,,,,,,,,,,,,,1,,,,,,,,,,,,,,,,,,,,,,,,,,,,,,,,,,,,,,,,,,,,,,,,,,,,,,,,,,,,,,,,,,,,,,,,,,,,,,,,,,,,,,,,,,,,,,,,,,,,,,,,,,,,,,,,,,,,,,,,,,,,,,,,,,,,,,,,,,,,,,,,,,,,,,,,,,,,-1,
R_br6tkMA45Gqo3Pv,Default Response Set,"Test, Undergrad",,tuftsusae@gmail.com,130.64.106.147,0,2015-09-29 16:08:25,2015-09-29 16:10:21,0,SFA; UGFA;,Undergraduate AS&E,,,,,,,,,,,,,,,,,,,,1,,,,,,,,,,,,,,,,,,,,,,,,,,,,,,,,,,,,,,,,,,1,,,,,,,,,,,,,,,,,,,,,,,,,,,,,,,,,,,,,,1,,,,,,,,,,,,,,,,,,,,,,,,,,,,,,,,,,,,,,,,,,,,,,,,,,,,,,,,,,,,,,,,,,,,,,,,,,,,,,,,,,,,,,,,,,,,,,,,,,,,,,,,,,,,,,,,,,,,,,-1,
R_cOPqWX8SPSpha4Z,Default Response Set,"Test, Undergrad",,tuftsusae@gmail.com,130.64.106.147,0,2015-09-29 16:11:03,2015-09-29 16:13:36,0,SFA; UGFA;,Undergraduate AS&E,,,,,,,,,,,,,,,,,,,,1,,,,,,,,,,,,,,,,,,,,,,,,,,,,,,,,,,,,,,,,,,1,,,,,,,,,,,,,,,,,,,,,,,,,,,,,,,,,,,,,,1,,,,,,,,,,,,,,,,,,,,,,,,,,,,,,,,,,,,,,,,,,,,,,,,,,,,,,,,,,,,,,,,,,,,,,,,,,,,,,,,,,,,,,,,,,,,,,,,,,,,,,,,,,,,,,,,,,,,,,-1,
R_5peZhXsgJquo7lj,Default Response Set,Anonymous,,,130.64.25.61,0,2015-10-05 09:38:30,2015-10-05 09:38:34,0,,,,,,,,,,,,,,,,,,,,,,1,,,,,,,,,,,,,,,,,,,,,,,,,,,,,,,,,,,,,,,,,,,,,,,,,,,,,,,,,,,,,,,,,,,,,,,,,,,,,,,,,,,,,,,,,,,,,,,,,,,,,,,,,,,,,,,,,,,,,,,,,,,,,,,,,,,,,,,,,,,,,,,,,,,,,,,,,,,,,,,,,,,,,,,,,,,,,,,,,,,,,,,,,,,,,,,,,,,,,,-1,
R_bOsxb6qwNyEB38h,Default Response Set,"Test, Fletcher Tuition",,emma.morgan@tufts.edu,130.64.106.147,0,2015-10-14 12:37:07,2015-10-14 12:39:29,1,TR,Fletcher,,,"Fletcher (MALD, MA, LLM)",,,,,,,,,,,,,,,,,1,,,,,,,,,,,,,,,,,,,,,,,,,,,,,,,,,,,,,,,,,,,,,,,,,,,,,,,,,,,,,,,,,,,,,,,,,,,,,,,,,,,,,,,,,,,,,,,,,,,,,,,,,,,,,,,,,,,,,,,,,,,,,,,,,,,,,,,,,,,,,,,,,,,,,,,,,,,,,,,,,,,,,,,,,,,,,,,,,,,,,,,,,,,,,,,,,,,,42.401901245117,-71.119300842285,-1,
R_3HCtnWDIy4VacFD,Default Response Set,"Test, Sackler",,sackler.test@gmail.com,130.64.106.147,0,2015-10-14 12:46:17,2015-10-14 12:47:12,1,TR,Sackler,,,Sackler - Basic Science PhD,,,,,,,,,,,,,,,,,1,,,,,,,,,,,,,,,,,,,,,,,,,,,,,,,,,,,,,,,,,,,,,,,,,,,,,,,,,,,,,,,,,,,,,,,,,,,,,,,,,,,,,,,,,,,,,,,,,,,,,,,,,,,,,,,,,,,,,,,,,,,,,,,,,,,,,,,,,,,,,,,,,,,,,,,,,,,,,,,,,,,,,,,,,,,,,,,,,,,,,,,,,,,,,,,,,,,,42.401901245117,-71.119300842285,-1,
R_22YcsaxAF2UHeUh,Default Response Set,"Dean, Admissions",,tusm2.test@gmail.com,130.64.106.147,0,2015-10-14 12:47:49,2015-10-14 12:49:06,1,DB,Undergraduate AS&E,,,,,,,,,,,,,,,,,,,,1,,,,,,,,,,,,,,,,,,,,,,,,,,,,,,,,,,,,,,,0.0%,0.0%,,,,,,,,,,,,,,,,,,,,,,,,,,,,,,,,,,,,,,,,,,,,,,,,,,,,,,,,,,,,,,,,,,,,,,,,,,,,,,,,,,,,,,,,,,,,,,,,,,,,,,,,,,,,,,,,,,,,,,,,,,,,,,,,,,,,,,,,,,,,,,,,,,,,,,,,,,,,42.401901245117,-71.119300842285,-1,
R_1kYO8FcHQiS5iXE,Default Response Set,"Test, Fletcher",,tufts.fletcher.test@gmail.com,130.64.106.147,0,2015-10-14 13:24:34,2015-10-14 13:43:22,1,SFA; Income,Fletcher,Fletcher,,,,,Fletcher,,,,Fletcher,,,,,Fletcher,,,,,1,,400,500,900,,,,300,33.3%,900,10,10,10,10,10,50,10,25,35,10,10,30,10,,,,385,,30,,415,,900,,,,,,,,,1,50,10,20.0%,15000,100,10,10.0%,5,5.0%,7,7.0%,,,,,,,,,,,,,,,,,,,,,,,,,,,,,,,,,,,,,,,,,,,,,,,,,,,,,,,,,,,,,,,,,,,,,,,,,,,,,,,,,,,,,,,,,,,,,,,,,,,,,,,,,,,,,,,,,,,,,,,,,,,,,,,,,,,,,,,,,,,,,,,42.401901245117,-71.119300842285,-1,
R_273Cbr6NHKEzleL,Default Response Set,"Test, Grad ASE",,tuftsASEgrad@gmail.com,130.64.106.147,0,2015-10-14 14:01:48,2015-10-14 14:04:10,1,SFA; TR; Income,GSAS & GSOE,GSAS,SOE (Grad),Graduate School of A&S,SOE (Grad),Undergraduate AS&E,GSAS,SoE (Grad),Arts & Sciences - Undergraduate,School of Engineering - Undergraduate,,,,,,,,,,,1,,,,,,,,,,,,,,,,,,,,,,,,,,,,,,,,,,,,,,,,,,1,,,,,,,,,,,,,,,,,,,,,,,,,,,,,,,,,,,,,,1,,,,,,,,,,,,,,,,,,,,,,,,,,,,,,,,,,,,,,,,,,,,,,,,,,,,,,,,,,,,,,,,,,,,,,,,,,,,,,,,,,,,,,,,,,,,,,,,,,,,,,,,,,,,0,0,0,0,0,0,0,,42.401901245117,-71.119300842285,-1,
R_NVgr8bEhKmeSKFX,Default Response Set,Anonymous,,,,1,2015-10-16 11:30:12,2015-10-16 11:34:19,1,,,,,,,,,,,,,,,,,,,,,,1,,,,,,,,,,,,,,,,,,,,,,,,,,,,,,,,,,,,,,,,,,,,,,,,,,,,,,,,,,,,,,,,,,,,,,,,,,,,,,,,,,,,,,,,,,,,,,,,,,,,,,,,,,,,,,,,,,,,,,,,,,,,,,,,,,,,,,,,,,,,,,,,,,,,,,,,,,,,,,,,,,,,,,,,,,,,,,,,,,,,,,,,,,,,,,,,,,,,42.401901245117,-71.119300842285,-1,
R_Qb0nuwRQ0TZOcMx,Default Response Set,"Test, Undergrad",,tuftsusae@gmail.com,130.64.106.147,0,2015-10-16 11:48:40,2015-10-16 11:50:50,1,SFA; UGFA;,Undergraduate AS&E,Arts & Sciences - Undergraduate,School of Engineering - Undergraduate,,,,,,,,Arts & Sciences - Undergraduate,School of Engineering - Undergraduate,GSAS,SoE (Grad),Fletcher,Arts & Sciences - Undergraduate,School of Engineering - Undergraduate,GSAS,SoE (Grad),Fletcher,1,,,,,,,,,,,,,,,,,,,,,,,,,,,,,,,,,,,,,,,,,,1,,,,,,,,,,,,,,,,,,,,,,,,,,,,,,,,,,,,,,1,,,,,,,,,,,,,,,,,,,,,,,,,,,,,,,,,,,,,,,,,,,,,,,,,,,,,,,,,,,,,,,,,,,,,,,,,,,,,,,,,,,,,,,,,,,,,,,,,,,,,,,,,,,,,,,,,,,,42.401901245117,-71.119300842285,-1,
R_9Suf43qxotOGUnL,Default Response Set,"Storrs, Elizabeth",,elizabeth.storrs@tufts.edu,130.64.61.34,0,2015-10-16 12:15:48,2015-10-16 12:51:22,1,TR,Sackler,,,Sackler - Basic Science PhD,,,,,,,,,,,,,,,,,1,,,,,,,,,,,,,,,,,,,,,,,,,,,,,,,,,,,,,,,,,,,,,,,,,,,,,,,,,,,,,,,,,,,,,,,,,,,,,,,,,,,,,,,,,,,,,,,,,,,,,,,,,,,,,,,,,,,,,,,,,,,,,,,,,,,,,,,,,,,,,,,,,,,,,,,,,,,,,,,,,,,,,,,,,,,,,,,,,,,,,,,,,,,,,,,,,19326,,"MS-Pharmacology & Drug Development $29,712; MS- Clinical & Translational Science  $26,664",42.401901245117,-71.119300842285,-1,
R_86Zkyr5KL1lLomV,Default Response Set,"Hurley, Laurie",,laurie.hurley@tufts.edu,130.64.224.182,0,2015-10-16 14:29:51,2015-10-19 05:58:59,1,TR,Fletcher,,,"Fletcher (MALD, MA, LLM)",,,,,,,,,,,,,,,,,1,,,,,,,,,,,,,,,,,,,,,,,,,,,,,,,,,,,,,,,,,,,,,,,,,,,,,,,,,,,,,,,,,,,,,,,,,,,,,,,,,,,,,,,,,,,,,,,,,,,,,,,,,,,,,,,,,,,,,,,,,,,,,,,,,,,,,,,,,,,,,,,,,,,,,,,,,,,,,,,,,,,,,,,,,,,,,,,,,,,,,,,,,,,,,,,,,42234,,,42.401901245117,-71.119300842285,-1,
R_3QRcehv7eKxbaNA,Default Response Set,"Coffin, Lee",,lee.coffin@tufts.edu,130.64.192.207,0,2015-10-20 08:41:21,2015-10-20 08:43:10,1,DB,Undergraduate AS&E,,,,,,,,,,,,,,,,,,,,1,,,,,,,,,,,,,,,,,,,,,,,,,,,,,,,,,,,,1360,147,463,10.8%,34.0%,,,,,,,,,,,,,,,,,,,,,,,,,,,,,,,,,,,,,,,,,,,,,,,,,,,,,,,,,,,,,,,,,,,,,,,,,,,,,,,,,,,,,,,,,,,,,,,,,,,,,,,,,,,,,,,,,,,,,,,,,,,,,,,,,,,,,,,,,,,,,,,,,,,,,,,,,,,,42.401901245117,-71.119300842285,-1,
R_39r8cG7swHSgE9n,Default Response Set,"Test, Undergrad",,tuftsusae@gmail.com,130.64.25.57,0,2015-10-14 08:47:00,2015-10-14 09:58:14,0,SFA; UGFA;,Undergraduate AS&E,Arts & Sciences - Undergraduate,School of Engineering - Undergraduate,,,,,,,,Arts & Sciences - Undergraduate,School of Engineering - Undergraduate,GSAS,SoE (Grad),Fletcher,Arts & Sciences - Undergraduate,School of Engineering - Undergraduate,GSAS,SoE (Grad),Fletcher,1,,,,,0,0,0,,,,0,0,0,0,0,0,0,0,0,0,0,0,0,0,0,0,,,,,,,,,,,,,,,,1,,,,,,,,,,,,,,,,,,,,,,,,,,,,,,,,,,,,,,1,,,,,,,,,,,,,,,,,,,,,,,,,,,,,,,,,,,,,,,,,,,,,,,,,,,,,,,,,,,,,,,,,,,,,,,,,,,,,,,,,,,,,,,,,,,,,,,,,,,,,,,,,,,,,,,,,,,,,,-1,
R_etEnO1nvbsmmRWl,Default Response Set,"Test, Dental",,tusdm.test@gmail.com,130.64.25.57,0,2015-10-14 10:45:23,2015-10-14 10:46:03,0,SFA; TR; Income,Dental,Dental,,Dental (DMD),,,Dental,,,,Dental,,,,,Dental,,,,,1,,,,,,,,,,,,,,,,,,,,,,,,,,,,,,,,,,,,,,,,,,1,,,,,,,,,,,,,,,,,,,,,,,,,,,,,,,,,,,,,,,,,,,,,,,,,,,,,,,,,,,,,,,,,,,,,,,,,,,,,,,,,,,,,,,,,,,,,,,,,,,,,,,,,,,,,,,,,,,,,,,,,,,,,,,,,,,,,,,,,,,,,,,,,,,,,,,0,,,,,-1,
R_1OmqaU2RdDp5y2p,Default Response Set,"Test, Medical MD",,tusm.test@gmail.com,130.64.25.57,0,2015-10-14 10:46:40,2015-10-14 10:48:12,0,SFA; TR; Income,Medical/Sackler,Medical/Sackler,,Medical (MD),,,Medical/Sackler,,,,Medical/Sackler,,,,,Medical/Sackler,,,,,1,,,,,,,,,,,,,,,,,,,,,,,,,,,,,,,,,,,,,,,,,,1,,,,,,,,,,,,,,,,,,,,,,,,,,,,,,,,,,,,,,,,,,,,,,,,,,,,,,,,,,,,,,,,,,,,,,,,,,,,,,,,,,,,,,,,,,,,,,,,,,,,,,,,,,,,,,,,,,,,,,,,,,,,,,,,,,,,,,,,,,,,,,,,,,,,,,,,,,,,-1,
R_dcbuPzvdPdff49f,Default Response Set,"Test, Cummings",,cummingsvet.test@gmail.com,130.64.25.57,0,2015-10-14 10:48:40,2015-10-14 10:49:23,0,SFA; TR; Income,Cummings,Cummings (DVM Only),,The Cummings School (DVM),,,Cummings - Vet.,,,,Cummings - Vet.,,,,,Cummings - Vet.,,,,,1,1,,,,,,,,,,,,,,,,,,,,,,,,,,,,,,,,,,,,,,,,,1,,,,,,,,,,,,,,,,,,,,,,,,,,,,,,,,,,,,,,,,,,,,,,,,,,,,,,,,,,,,,,,,,,,,,,,,,,,,,,,,,,,,,,,,,,,,,,,,,,,,,,,,,,,,,,,,,,,,,,,,,,,,,,,,,,,,,,,,,,,,,,,,,,,,,,,0,,,,,-1,
R_0PU1QvnuIPbXejr,Default Response Set,"Test, Fletcher",,tufts.fletcher.test@gmail.com,130.64.25.57,8,2015-10-14 10:50:04,2015-10-14 10:50:20,0,SFA; Income,Fletcher,Fletcher,,,,,Fletcher,,,,Fletcher,,,,,Fletcher,,,,,1,,,,,,,,,,,,,,,,,,,,,,,,,,,,,,,,,,,,,,,,,,1,,,,,,,,,,,,,,,,,,,,,,,,,,,,,,,,,,,,,,,,,,,,,,,,,,,,,,,,,,,,,,,,,,,,,,,,,,,,,,,,,,,,,,,,,,,,,,,,,,,,,,,,,,,,,,,,,,,,,,,,,,,,,,,,,,,,,,,,,,,,,,,,,,,,,,,,,,,,-1,
R_a3PFgKFRmaSAUex,Default Response Set,"Test, Friedman",,friedman.tufts@gmail.com,130.64.25.57,8,2015-10-14 10:51:21,2015-10-14 10:52:02,0,SFA; TR; Income,Friedman,Friedman SNSP,,Friedman SNSP,,,Friedman SNSP,,,,Friedman SNSP,,,,,Friedman SNSP,,,,,1,,,,,,,,,,,,,,,,,,,,,,,,,,,,,,,,,,,,,,,,,,1,,,,,,,,,,,,,,,,,,,,,,,,,,,,,,,,,,,,,,,,,,,,,,,,,,,,,,,,,,,,,,,,,,,,,,,,,,,,,,,,,,,,,,,,,,,,,,,,,,,,,,,,,,,,,,,,,,,,,,,,,,,,,,,,,,,,,,,,,,,,,,,,,,,,,,,,,,,,-1,
R_cu6JddzQiDfkzAN,Default Response Set,"Dean, Admissions",,tusm2.test@gmail.com,130.64.25.57,0,2015-10-14 10:52:23,2015-10-14 10:52:36,0,DB,Undergraduate AS&E,,,,,,,,,,,,,,,,,,,,1,,,,,,,,,,,,,,,,,,,,,,,,,,,,,,,,,,,,,,,,,,,,,,,,,,,,,,,,,,,,,,,,,,,,,,,,,,,,,,,,,,,,,,,,,,,,,,,,,,,,,,,,,,,,,,,,,,,,,,,,,,,,,,,,,,,,,,,,,,,,,,,,,,,,,,,,,,,,,,,,,,,,,,,,,,,,,,,,,,,,,,,,,,,,,,,,,,,,,,-1,
R_dguTH0L6jcc6S33,Default Response Set,"Test, Sackler",,sackler.test@gmail.com,130.64.25.57,0,2015-10-14 10:53:26,2015-10-14 10:54:09,0,TR,Sackler,,,Sackler - Basic Science PhD,,,,,,,,,,,,,,,,,1,,,,,,,,,,,,,,,,,,,,,,,,,,,,,,,,,,,,,,,,,,,,,,,,,,,,,,,,,,,,,,,,,,,,,,,,,,,,,,,,,,,,,,,,,,,,,,,,,,,,,,,,,,,,,,,,,,,,,,,,,,,,,,,,,,,,,,,,,,,,,,,,,,,,,,,,,,,,,,,,,,,,,,,,,,,,,,,,,,,,,,,,,,,,,,,,,,,,,,-1,
R_cGCg525j4ktpikZ,Default Response Set,"Test, Grad ASE",,tuftsASEgrad@gmail.com,130.64.25.57,0,2015-10-14 09:58:57,2015-10-14 11:01:42,0,SFA; TR; Income,GSAS & GSOE,GSAS,SOE (Grad),Graduate School of A&S,SOE (Grad),,GSAS,SoE (Grad),Arts & Sciences - Undergraduate,School of Engineering - Undergraduate,,,,,,,,,,,1,,,,,,,,,,,,,,,,,,,,,,,,,,,,,,,,,,,,,,,,,,,,,,,,,,,,,,,,,,,,,,,,,,,,,,,,,,,,,,,,,,,,,,,,,,,,,,,,,,,,,,,,,,,,,,,,,,,,,,,,,,,,,,,,,,,,,,,,,,,,,,,,,,,,,,,,,,,,,,,,,,,,,,,,,,,,,,,,,,,,,,,,,,,,,,,,,,,,,,-1,
R_10Ir9JuB9cRfWQT,Default Response Set,"Test, Friedman",,friedman.tufts@gmail.com,130.64.106.147,0,2015-10-14 12:51:25,2015-10-14 13:05:44,0,SFA; TR; Income,Friedman,Friedman SNSP,,Friedman SNSP,,,Friedman SNSP,,,,Friedman SNSP,,,,,Friedman SNSP,,,,,1,,100,900,1000,,,,100,10.0%,1000,10,10,10,10,10,50,50,10,60,10,15,30,5,,,,210,,30,,,,,,,,,,,,,1,,,,,,,,,,,,,,,,,,,,,,,,,,,,,,,,,,,,,,,,,,,,,,,,,,,,,,,,,,,,,,,,,,,,,,,,,,,,,,,,,,,,,,,,,,,,,,,,,,,,,,,,,,,,,,,,,,,,,,,,,,,,,,,,,,,,,,,,,,,,,,,,,,,,,,,0,,,,,-1,
R_3sue0oVimsAEDL3,Default Response Set,"Test, Friedman",,friedman.tufts@gmail.com,130.64.106.147,0,2015-10-14 13:06:29,2015-10-14 13:22:33,0,SFA; TR; Income,Friedman,Friedman SNSP,,Friedman SNSP,,,Friedman SNSP,,,,Friedman SNSP,,,,,Friedman SNSP,,,,,1,,40000,10000,50000,,,,5000,10.0%,50000,100,100,100,100,100,500,50,50,100,30,20,100,50,,,,5600,,100,,5700,,80000,,,,,,,,,1,500,100,20.0%,,1000,300,30.0%,200,20.0%,300,30.0%,,,,,,,,,,,,,,,,,,,,,,,,,,,,,,,,,,,,,,,,,,,,,,,,,,,,,,,,,,,,,,,,,,,,,,,,,,,,,,,,,,,,,,,,,,,,,,,,,,,,,,,,,,,,,,,,,,,,,,,,,,,,,,,,,,,,,,,,,,,,50000,,,,,-1,
R_22Rj9ErMCunos7c,Default Response Set,"Test, Grad ASE",,tuftsASEgrad@gmail.com,130.64.106.147,0,2015-10-14 13:56:49,2015-10-14 13:58:51,0,SFA; TR; Income,GSAS & GSOE,GSAS,SOE (Grad),Graduate School of A&S,SOE (Grad),Undergraduate AS&E,GSAS,SoE (Grad),Arts & Sciences - Undergraduate,School of Engineering - Undergraduate,,,,,,,,,,,1,,,,,,,,,,,,,,,,,,,,,,,,,,,,,,,,,,,,,,,,,,1,,,,,,,,,,,,,,,,,,,,,,,,,,,,,,,,,,,,,,1,,,,,,,,,,,,,,,,,,,,,,,,,,,,,,,,,,,,,,,,,,,,,,,,,,,,,,,,,,,,,,,,,,,,,,,,,,,,,,,,,,,,,,,,,,,,,,,,,,,,,,,,,,,,,,,,,0,0,,,,-1,
R_38kHF67qdIpiaix,Default Response Set,"Test, Fletcher Tuition",,emma.morgan@tufts.edu,130.64.106.147,0,2015-10-14 11:24:55,2015-10-14 15:12:43,0,TR,Fletcher,,,"Fletcher (MALD, MA, LLM)",,,,,,,,,,,,,,,,,1,,,,,,,,,,,,,,,,,,,,,,,,,,,,,,,,,,,,,,,,,,,,,,,,,,,,,,,,,,,,,,,,,,,,,,,,,,,,,,,,,,,,,,,,,,,,,,,,,,,,,,,,,,,,,,,,,,,,,,,,,,,,,,,,,,,,,,,,,,,,,,,,,,,,,,,,,,,,,,,,,,,,,,,,,,,,,,,,,,,,,,,,,,,,,,,,,0,,,,,-1,
R_3jTJxwauFZO3sZa,Default Response Set,"Test, Friedman",,friedman.tufts@gmail.com,130.64.25.57,0,2015-10-15 14:24:11,2015-10-15 14:27:36,0,SFA; TR; Income,Friedman,Friedman SNSP,,Friedman SNSP,,,Friedman SNSP,,,,Friedman SNSP,,,,,Friedman SNSP,,,,,1,,2,2,4,,,,2,50.0%,4,2,2,2,2,2,10,2,2,4,2,2,6,2,,,,16,400.0%,6,150.0%,22,550.0%,4,,,,,,,,,1,,,,,,,,,,,,,,,,,,,,,,,,,,,,,,,,,,,,,,,,,,,,,,,,,,,,,,,,,,,,,,,,,,,,,,,,,,,,,,,,,,,,,,,,,,,,,,,,,,,,,,,,,,,,,,,,,,,,,,,,,,,,,,,,,,,,,,,,,,,,,,,,,,,,,,,0,,,,,-1,
R_3hxZhQ6virs13Ku,Default Response Set,"Test, Undergrad",,tuftsusae@gmail.com,130.64.25.57,0,2015-10-15 14:40:35,2015-10-15 14:55:04,0,SFA; UGFA;,Undergraduate AS&E,Arts & Sciences - Undergraduate,School of Engineering - Undergraduate,,,,,,,,Arts & Sciences - Undergraduate,School of Engineering - Undergraduate,GSAS,SoE (Grad),Fletcher,Arts & Sciences - Undergraduate,School of Engineering - Undergraduate,GSAS,SoE (Grad),Fletcher,1,,,,,5,5,10,,,,5,5,5,5,5,25,5,5,10,5,5,15,5,45,15,60,,,,,,,,,,,,,,,,1,5,4,80.0%,4,23,23,100.0%,23,100.0%,23,100.0%,,,,45,45,90,,,,45,45,45,45,45,225,45,45,90,45,45,135,45,405,135,540,,1,15,23,153.3%,4,45,45,100.0%,45,100.0%,45,100.0%,,,,,,,45,45,90,45,45,135,45,45,45,90,45,45,,45,5,0,5,5,5,10,5,45,45,45,2025,45,27.6%,45,27.6%,45,27.6%,7,4.3%,7,4.3%,7,4.3%,7,4.3%,163,,500,0.0%,7,0.0%,0.0%,,,,,7,16.7%,7,16.7%,7,16.7%,7,16.7%,7,16.7%,7,16.7%,,0.0%,,0.0%,,0.0%,42,100.0%,7,50.0%,,0.0%,,0.0%,,0.0%,,0.0%,,0.0%,,0.0%,,0.0%,7,50.0%,,0.0%,,,,,,,,,,,-1,
R_XLOb3FcG6OF8muB,Default Response Set,"Test, Grad ASE",,tuftsASEgrad@gmail.com,130.64.25.57,0,2015-10-15 14:56:18,2015-10-15 15:00:16,0,SFA; TR; Income,GSAS & GSOE,GSAS,SOE (Grad),Graduate School of A&S,SOE (Grad),Undergraduate AS&E,GSAS,SoE (Grad),Arts & Sciences - Undergraduate,School of Engineering - Undergraduate,,,,,,,,,,,1,,5,3,8,,,,5,50.0%,8,5,5,5,5,5,25,,,,,,,,,,,,,,,,,,,,,,,,,,1,5,5,100.0%,5,5,5,100.0%,5,100.0%,5,100.0%,5,5,,,,,5,5,5,5,5,5,5,5,25,,,,,,,,,,,,1,5,5,100.0%,5,5,55,1100.0%,5,100.0%,5,100.0%,5,5,10,5,5,10,,,,,,,,,,,,,,,,,,,,,,,,,,,,,,,,,,,,,,,,,,,,,,,,,,,,,,,,,,,,,,,,,,,,,,,,,,,,,,,,,,,,,,,,,,,0,0,0,0,0,0,0,,,,-1,
R_2YhbdXzLPup1wmc,Default Response Set,"Test, Dental",,tusdm.test@gmail.com,130.64.25.57,0,2015-10-16 08:32:41,2015-10-16 08:33:18,0,SFA; TR; Income,Dental,Dental,,Dental (DMD),,,Dental,,,,Dental,,,,,Dental,,,,,1,,5,5,10,,,,5,50.0%,10,5,5,5,5,5,25,5,5,10,5,5,15,5,,,,40,400.0%,15,150.0%,55,550.0%,10,,,,,,,,,1,5,5,100.0%,5,5,5,100.0%,5,100.0%,5,100.0%,,,,,,,,,,,,,,,,,,,,,,,,,,,,,,,,,,,,,,,,,,,,,,,,,,,,,,,,,,,,,,,,,,,,,,,,,,,,,,,,,,,,,,,,,,,,,,,,,,,,,,,,,,,,,,,,,,,,,,,,,,,,,,,,,,,,,,,,,,,,15,,,,,-1,
R_2rf0KAUgC6UgNQR,Default Response Set,"Test, Medical MD",,tusm.test@gmail.com,130.64.25.57,0,2015-10-16 08:33:46,2015-10-16 08:34:14,0,SFA; TR; Income,Medical/Sackler,Medical/Sackler,,Medical (MD),,,Medical/Sackler,,,,Medical/Sackler,,,,,Medical/Sackler,,,,,1,,5,5,10,,,,5,50.0%,10,5,5,5,5,5,25,5,5,10,5,5,15,5,,,,40,400.0%,15,150.0%,55,550.0%,10,,,,,,,,,1,5,5,100.0%,5,5,5,100.0%,5,100.0%,5,100.0%,,,,,,,,,,,,,,,,,,,,,,,,,,,,,,,,,,,,,,,,,,,,,,,,,,,,,,,,,,,,,,,,,,,,,,,,,,,,,,,,,,,,,,,,,,,,,,,,,,,,,,,,,,,,,,,,,,,,,,,,,,,,,,,,,,,,,,,,,,,,0,,,,,-1,
R_2VDA2kvJ6bTL4oS,Default Response Set,"Test, Cummings",,cummingsvet.test@gmail.com,130.64.25.57,0,2015-10-16 08:34:40,2015-10-16 08:35:10,0,SFA; TR; Income,Cummings,Cummings (DVM Only),,The Cummings School (DVM),,,Cummings - Vet.,,,,Cummings - Vet.,,,,,Cummings - Vet.,,,,,1,1,5,5,5,,,,5,100.0%,5,5,5,5,5,5,25,5,5,10,5,5,15,5,,,,40,800.0%,15,300.0%,55,1100.0%,5,,,,,,,,,1,5,5,100.0%,5,5,5,100.0%,5,100.0%,5,100.0%,,,,,,,,,,,,,,,,,,,,,,,,,,,,,,,,,,,,,,,,,,,,,,,,,,,,,,,,,,,,,,,,,,,,,,,,,,,,,,,,,,,,,,,,,,,,,,,,,,,,,,,,,,,,,,,,,,,,,,,,,,,,,,,,,,,,,,,,,,,,5,,,,,-1,
R_2dos7s4ApAAaOaB,Default Response Set,"Test, Fletcher",,tufts.fletcher.test@gmail.com,130.64.25.57,0,2015-10-16 08:35:35,2015-10-16 08:36:27,0,SFA; Income,Fletcher,Fletcher,,,,,Fletcher,,,,Fletcher,,,,,Fletcher,,,,,1,,5,5,10,,,,5,50.0%,10,5,5,5,5,5,20,5,5,10,5,5,15,5,,,,35,350.0%,15,150.0%,50,500.0%,10,,,,,,,,,1,19,5,26.3%,5,12,32,266.7%,3,25.0%,4,33.3%,,,,,,,,,,,,,,,,,,,,,,,,,,,,,,,,,,,,,,,,,,,,,,,,,,,,,,,,,,,,,,,,,,,,,,,,,,,,,,,,,,,,,,,,,,,,,,,,,,,,,,,,,,,,,,,,,,,,,,,,,,,,,,,,,,,,,,,,,,,,,,,,,-1,
R_yka8JyY8NtnWZ8J,Default Response Set,"Test, Friedman",,friedman.tufts@gmail.com,130.64.25.57,0,2015-10-16 08:36:50,2015-10-16 08:37:40,0,SFA; TR; Income,Friedman,Friedman SNSP,,Friedman SNSP,,,Friedman SNSP,,,,Friedman SNSP,,,,,Friedman SNSP,,,,,1,,5,5,10,,,,5,50.0%,10,5,5,5,5,5,20,5,5,10,5,5,15,5,,,,35,350.0%,15,150.0%,50,500.0%,10,,,,,,,,,1,5,5,100.0%,5,5,5,100.0%,5,100.0%,5,100.0%,,,,,,,,,,,,,,,,,,,,,,,,,,,,,,,,,,,,,,,,,,,,,,,,,,,,,,,,,,,,,,,,,,,,,,,,,,,,,,,,,,,,,,,,,,,,,,,,,,,,,,,,,,,,,,,,,,,,,,,,,,,,,,,,,,,,,,,,,,,,5,,,,,-1,
R_3O7GjDGRi47Pt4I,Default Response Set,"Dean, Admissions",,tusm2.test@gmail.com,130.64.25.57,0,2015-10-16 08:38:04,2015-10-16 08:38:41,0,DB,Undergraduate AS&E,,,,,,,,,,,,,,,,,,,,1,,,,,,,,,,,,,,,,,,,,,,,,,,,,,,,,,,,,5,5,5,100.0%,100.0%,,,,,,5,,,,,,,,,,,,,,,,,,,,,,,,,,,,,,,,,,,,,,,,,,,,,,,,,,,,,,,,,,,,,,,,,,,,,,,,,,,,,,,,,,,,,,,,,,,,,,,,,,,,,,,,,,,,,,,,,,,,,,,,,,,,,,,,,,,,,,,,,,,,,,,,,,,,,5,,,-1,
R_URZ34MnAiP23WCd,Default Response Set,"Test, Sackler",,sackler.test@gmail.com,130.64.25.57,0,2015-10-16 08:39:13,2015-10-16 08:39:26,0,TR,Sackler,,,Sackler - Basic Science PhD,,,,,,,,,,,,,,,,,1,,,,,,,,,,,,,,,,,,,,,,,,,,,,,,,,,,,,,,,,,,,,,,5,,,,,,,,,,,,,,,,,,,,,,,,,,,,,,,,,,,,,,,,,,,,,,,,,,,,,,,,,,,,,,,,,,,,,,,,,,,,,,,,,,,,,,,,,,,,,,,,,,,,,,,,,,,,,,,,,,,,,,,,,,,,,,,,,,,,,,,,,,,,,,,,,,,52,,,,,-1,
R_2Y9RTK2OiejTFgA,Default Response Set,"Test, Undergrad",,tuftsusae@gmail.com,130.64.25.57,0,2015-10-16 08:56:45,2015-10-16 09:26:10,0,SFA; UGFA;,Undergraduate AS&E,Arts & Sciences - Undergraduate,School of Engineering - Undergraduate,,,,,,,,Arts & Sciences - Undergraduate,School of Engineering - Undergraduate,GSAS,SoE (Grad),Fletcher,Arts & Sciences - Undergraduate,School of Engineering - Undergraduate,GSAS,SoE (Grad),Fletcher,1,,,,,,,,,,,5,5,5,5,5,25,5,5,10,5,5,15,5,35,15,50,,,,,,,,,,,,,,,,1,5,5,100.0%,5,5,5,100.0%,5,100.0%,5,100.0%,,,,5,5,10,,,,5,5,5,5,5,25,5,5,10,5,5,10,5,45,10,55,,1,5,5,100.0%,5,5,5,100.0%,5,100.0%,5,100.0%,,,,,,,5,5,10,5,5,15,5,5,5,10,5,5,15,5,5,5,10,5,5,10,5,5,5,5,25,5,5.9%,5,5.9%,55,64.7%,5,5.9%,5,5.9%,5,5.9%,5,5.9%,85,,5,100.0%,5,100.0%,340.0%,5,5,85,25,5,20.0%,5,20.0%,5,20.0%,5,20.0%,,0.0%,5,20.0%,5,20.0%,5,20.0%,-10,-40.0%,25,100.0%,5,20.0%,5,20.0%,5,20.0%,5,20.0%,5,20.0%,,0.0%,,0.0%,25,100.0%,,0.0%,,0.0%,,,,,,,,,,,-1,
R_1f9lo6HcctUPvnu,Default Response Set,"Test, Grad ASE",,tuftsASEgrad@gmail.com,130.64.25.57,0,2015-10-16 09:26:51,2015-10-16 09:32:06,0,SFA; TR; Income,GSAS & GSOE,GSAS,SOE (Grad),Graduate School of A&S,SOE (Grad),Undergraduate AS&E,GSAS,SoE (Grad),Arts & Sciences - Undergraduate,School of Engineering - Undergraduate,,,,,,,,,,,1,,5,5,10,,,,5,50.0%,10,5,5,5,5,5,25,,,,,,,,,,,,,,,,,,,,,,,,,,1,5,5,100.0%,5,5,5,100.0%,5,100.0%,5,100.0%,5,5,10,,,,5,50.0%,10,,,,,,,,,,,,,,,,,,1,5,5,100.0%,5,5,5,100.0%,5,100.0%,5,100.0%,5,5,10,5,5,5,,,,,,,,,,,,,,,,,,,,,,,,,,,,,,,,,,,,,,,,,,,,,,,,,,,,,,,,,,,,,,,,,,,,,,,,,,,,,,,,,,,,,,,,,,,5,5,5,5,55,5,5,,,,-1,
R_aaAciHykV7YoWJz,Default Response Set,"Test, Grad ASE",,tuftsASEgrad@gmail.com,130.64.25.57,0,2015-10-16 09:49:38,2015-10-16 09:50:31,0,SFA; TR; Income,GSAS & GSOE,GSAS,SOE (Grad),Graduate School of A&S,SOE (Grad),Undergraduate AS&E,GSAS,SoE (Grad),Arts & Sciences - Undergraduate,School of Engineering - Undergraduate,,,,,,,,,,,1,,5,5,10,,,,5,50.0%,10,5,5,5,5,5,25,,,,,,,,,,,,,,,,,,,,,,,,,,1,5,5,100.0%,5,5,5,100.0%,5,100.0%,5,100.0%,5,5,10,,,,5,50.0%,10,5,5,5,5,5,25,,,,,,,,,,,,1,5,5,100.0%,5,55,5,9.1%,5,9.1%,5,9.1%,5,5,10,5,5,10,,,,,,,,,,,,,,,,,,,,,,,,,,,,,,,,,,,,,,,,,,,,,,,,,,,,,,,,,,,,,,,,,,,,,,,,,,,,,,,,,,,,,,,,,,,0,0,0,0,0,0,0,,,,-1,
R_277ngPNaTw3JjGG,Default Response Set,"Test, Undergrad",,tuftsusae@gmail.com,130.64.25.57,0,2015-10-16 09:35:40,2015-10-16 10:58:28,0,SFA; UGFA;,Undergraduate AS&E,Arts & Sciences - Undergraduate,School of Engineering - Undergraduate,,,,,,,,Arts & Sciences - Undergraduate,School of Engineering - Undergraduate,GSAS,SoE (Grad),Fletcher,Arts & Sciences - Undergraduate,School of Engineering - Undergraduate,GSAS,SoE (Grad),Fletcher,1,,,,,5,5,10,,,,5,5,5,5,5,25,5,5,10,5,5,15,5,35,15,35,,,,,,,,,,,,,,,,1,5,5,100.0%,5,5,5,100.0%,5,100.0%,5,100.0%,,,,5,5,10,,,,5,55,,5,5,70,5,5,10,5,55,65,5,90,65,155,,,,,,,,,,,,,,,,,,,,,,,,,,,,,,,,,,,,,,,,,,,,,,,,,,,,,,,,,,,,,,,,,,,,,,,,,,,,,,,,,,,,,,,,,,,,,,,,,,,,,,,,,,,,,,,,,,,,,,,,-1,
R_2TnHuMM8H1MUt73,Default Response Set,"Test, Undergrad",,tuftsusae@gmail.com,130.64.106.147,0,2015-10-16 11:17:53,2015-10-16 11:51:26,0,SFA; UGFA;,Undergraduate AS&E,Arts & Sciences - Undergraduate,School of Engineering - Undergraduate,,,,,,,,Arts & Sciences - Undergraduate,School of Engineering - Undergraduate,GSAS,SoE (Grad),Fletcher,Arts & Sciences - Undergraduate,School of Engineering - Undergraduate,GSAS,SoE (Grad),Fletcher,1,,,,,100,100,200,,,,10,10,10,101,10,141,1,15,16,40,10,110,60,357,110,467,,,,,,,,,,,,,,,,1,,,,,,,,,,,,,,,,,,,,,,,,,,,,,,,,,,,,,,1,,,,,,,,,,,,,,,,,,,,,,,,,,,,,,,,,,,,,,,50000,40000,500,20000000,500,77.8%,31,4.8%,25,3.9%,13,2.0%,10,1.6%,51,7.9%,13,2.0%,643,,400,80.0%,4500,9.0%,0.0%,500,50000,643,20000000,10,11.1%,10,11.1%,10,11.1%,10,11.1%,10,11.1%,10,11.1%,10,11.1%,10,11.1%,10,11.1%,90,100.0%,10,11.1%,10,11.1%,10,11.1%,10,11.1%,10,11.1%,10,11.1%,10,11.1%,90,100.0%,10,11.1%,10,11.1%,,,,,,,,,,,-1,
R_2EzS4RAIePqIfTj,Default Response Set,"Pearson, Sandra",,sandra.pearson@tufts.edu,130.64.169.174,0,2015-10-26 08:00:07,2015-10-29 08:23:55,1,SFA; TR; Income,Dental,Dental,,Dental (DMD),,,Dental,,,,Dental,,,,,Dental,,,,,1,,59944517,0,59944517,,,,2862341,4.8%,59944517,900087,28175,18100,6982897,0,7929259,0,21475,21475,2500579,50392931,52893510,0,,,,10813075,18.0%,52893510,88.2%,63706585,106.3%,59944517,,,,,,,,,1,195,72,36.9%,3488,935,343,36.7%,665,71.1%,688,73.6%,,,,,,,,,,,,,,,,,,,,,,,,,,,,,,,,,,,,,,,,,,,,,,,,,,,,,,,,,,,,,,,,,,,,,,,,,,,,,,,,,,,,,,,,,,,,,,,,,,,,,,,,,,,,,,,,,,,,,,,,,,,,,,,,,,,,,,,,,,,,66010,,T10 Strategic Plan Metrics based on 2014-15 enrollment and financial aid.,42.401901245117,-71.119300842285,-1,
R_1hETCKjYICOaSfI,Default Response Set,"Reilly, Patricia",,patricia.reilly@tufts.edu,130.64.191.238,0,2015-10-19 08:53:56,2015-10-30 10:37:54,1,SFA; UGFA;,Undergraduate AS&E,Arts & Sciences - Undergraduate,School of Engineering - Undergraduate,,,,,,,,Arts & Sciences - Undergraduate,School of Engineering - Undergraduate,GSAS,SoE (Grad),Fletcher,Arts & Sciences - Undergraduate,School of Engineering - Undergraduate,GSAS,SoE (Grad),Fletcher,1,,,,,49044109,2721017,51765126,,,,5435358,868883,2880402,3670790,0,12855433,146100,2343713,2489813,1187862,9853909,15018208,3976437,64620559,,64620559,,,,,,,,,"Note: the total section is wrong.  Direct contributions does not include employment, and the loan field does not feed into the total.  The actual total should be $82,128,580",,,,,,,1,,,,,,,,,,,,,,,12042955,499590,12542545,,,,1145350,51000,742653,780121,0,2719124,73000,491925,564925,203050,2411204,3276137,661883,16920944,3276137,20197081,"The Total direct contribution is not adding correctly, it should come to $15,826,594",1,,,,,,,,,,,,,,,,,,0,339983,339983,7436,8370187,8377623,,0,29888,29888,0,1069774,1069774,,0,270076,270076,7140,7842516,7849656,,63400,48643,5252,255473036,68587655,67.8%,3220607,3.2%,3828602,3.8%,622309,0.6%,3623055,3.6%,3054738,3.0%,18294345,18.1%,101231311,,2478,47.2%,40852,64.4%,39.6%,5252,63400,101231311,255473036,315,15.7%,348,17.3%,294,14.6%,282,14.0%,262,13.0%,215,10.7%,128,6.4%,75,3.7%,91,4.5%,2010,100.0%,150,7.5%,130,6.5%,197,9.8%,226,11.2%,263,13.1%,256,12.7%,268,13.3%,2010,100.0%,399,19.9%,121,6.0%,,,,,,,,,42.401901245117,-71.119300842285,-1,
R_1MKBuKIY2jy33fH,Default Response Set,Anonymous,,,130.64.254.229,0,2015-11-10 07:48:39,2015-11-10 07:49:17,1,,,,,,,,,,,,,,,,,,,,,,1,,,,,,,,,,,,,,,,,,,,,,,,,,,,,,,,,,,,,,,,,,,,,,,,,,,,,,,,,,,,,,,,,,,,,,,,,,,,,,,,,,,,,,,,,,,,,,,,,,,,,,,,,,,,,,,,,,,,,,,,,,,,,,,,,,,,,,,,,,,,,,,,,,,,,,,,,,,,,,,,,,,,,,,,,,,,,,,,,,,,,,,,,,,,,,,,,,,,42.401901245117,-71.119300842285,-1,
R_1JDdOSEsCEnPNBg,Default Response Set,Anonymous,,,130.64.254.229,0,2015-11-10 10:20:28,2015-11-10 10:21:42,1,,,,,,,,,,,,,,,,,,,,,,1,,,,,,,,,,,,,,,,,,,,,,,,,,,,,,,,,,,,,,,,,,,,,,,,,,,,,,,,,,,,,,,,,,,,,,,,,,,,,,,,,,,,,,,,,,,,,,,,,,,,,,,,,,,,,,,,,,,,,,,,,,,,,,,,,,,,,,,,,,,,,,,,,,,,,,,,,,,,,,,,,,,,,,,,,,,,,,,,,,,,,,,,,,,,,,,,,,,,42.401901245117,-71.119300842285,-1,
R_5uTmythvfCo37GR,Default Response Set,"Berman, Barbara",,barbara.berman@tufts.edu,130.64.254.229,0,2015-11-10 10:35:56,2015-11-10 10:43:21,1,SFA; TR; Income,Cummings,Cummings (DVM Only),,The Cummings School (DVM),,,Cummings - Vet.,,,,Cummings - Vet.,,,,,Cummings - Vet.,,,,,1,1,18440944,,18440944,,,,1797980,9.7%,18440944,204100,237751,228667,181171,0,851689,0,60950,60950,617563,12161396,12778959,0,,,,2710619,14.7%,12778959,69.3%,15489578,84.0%,18440944,,,,,,,,,1,98,38,38.8%,7284,386,123,31.9%,260,67.4%,264,68.4%,,,,,,,,,,,,,,,,,,,,,,,,,,,,,,,,,,,,,,,,,,,,,,,,,,,,,,,,,,,,,,,,,,,,,,,,,,,,,,,,,,,,,,,,,,,,,,,,,,,,,,,,,,,,,,,,,,,,,,,,,,,,,,,,,,,,,,,,,,,,49886,,"The information provided via the survey does not include MA tuition subsidy funding.  If we include the MA subsidy funding, the figures would change as follows: / First year students receiving institutional aid  58 (vs 38 without MA Subsidy funding) / % of first year students receiving institutional aid:      59% (vs 39% without MA Subsidy funding) / Average Award ($) Institutional Grant Aid for First Year Students: $7,336 (vs $7284 without MA Subsidy Funding) / Number of enrolled students receiving institutional aid 175 (vs 123 without MA Subsidy funding) / % of enrolled students receiving institutional aid: 45% (vs 32% without MA Subsidy funding) /  / In addition, I included Institutional, Perkins and HPSL loans when I calculated the % of enrolled students taking out any student loans. / ",42.401901245117,-71.119300842285,-1,
R_3fcO83j7aNZNUYC,Default Response Set,"Morgan, Emma",,emma.morgan@tufts.edu,130.64.106.147,0,2015-10-16 11:41:42,2015-10-16 11:41:47,0,,,,,,,,,,,,,,,,,,,,,,1,,,,,,,,,,,,,,,,,,,,,,,,,,,,,,,,,,,,,,,,,,,,,,,,,,,,,,,,,,,,,,,,,,,,,,,,,,,,,,,,,,,,,,,,,,,,,,,,,,,,,,,,,,,,,,,,,,,,,,,,,,,,,,,,,,,,,,,,,,,,,,,,,,,,,,,,,,,,,,,,,,,,,,,,,,,,,,,,,,,,,,,,,,,,,,,,,,,,,,-1,
R_pGfAVeNorHStIw9,Default Response Set,"Test, Undergrad",,tuftsusae@gmail.com,130.64.106.147,0,2015-10-16 11:51:32,2015-10-16 11:51:59,0,SFA; UGFA;,Undergraduate AS&E,Arts & Sciences - Undergraduate,School of Engineering - Undergraduate,,,,,,,,Arts & Sciences - Undergraduate,School of Engineering - Undergraduate,GSAS,SoE (Grad),Fletcher,Arts & Sciences - Undergraduate,School of Engineering - Undergraduate,GSAS,SoE (Grad),Fletcher,1,,,,,,,,,,,,,,,,,,,,,,,,,,,,,,,,,,,,,,,,,,1,,,,,,,,,,,,,,,,,,,,,,,,,,,,,,,,,,,,,,1,,,,,,,,,,,,,,,,,,,,,,,,,,,,,,,,,,,,,,,,,,,,,,,,,,,,,,,,,,,,,,,,,,,,,,,,,,,,,,,,,,,,,,,,,,,,,,,,,,,,,,,,,,,,,,,,,,,,,,-1,
R_1rx1aZ4zT2pc7fj,Default Response Set,"Test, Medical MD",,tusm.test@gmail.com,130.64.106.147,0,2015-10-16 14:08:39,2015-10-16 16:49:31,0,SFA; TR; Income,Medical/Sackler,Medical/Sackler,,Medical (MD),,,Medical/Sackler,,,,Medical/Sackler,,,,,Medical/Sackler,,,,,1,,,,,,,,,,,,,,,,,,,,,,,,,,,,,,,,,,,,,,,,,,1,,,,,,,,,,,,,,,,,,,,,,,,,,,,,,,,,,,,,,,,,,,,,,,,,,,,,,,,,,,,,,,,,,,,,,,,,,,,,,,,,,,,,,,,,,,,,,,,,,,,,,,,,,,,,,,,,,,,,,,,,,,,,,,,,,,,,,,,,,,,,,,,,,,,,,,,,,,,-1,
R_1Ca0guhMZfAlLzt,Default Response Set,"Olsen, Tara",,tara.olsen@tufts.edu,130.64.61.94,0,2015-10-16 12:32:29,2015-11-24 11:54:34,1,SFA; TR; Income,Medical/Sackler,Medical/Sackler,,Medical (MD),,,Medical/Sackler,,,,Medical/Sackler,,,,,Medical/Sackler,,,,,1,,67818032,842002,68660034,,,,9802371,14.3%,68660034,743012,303601,2648447,2241740,0,5936800,0,85875,85875,  2052998,38571379,40624377,0,,,,15825046,23.0%,40624377,59.2%,56449423,82.2%,68660034,,,,,,,,,1,437,110,25.2%,23203,1542,475,30.8%,749,48.6%,768,49.8%,,,,,,,,,,,,,,,,,,,,,,,,,,,,,,,,,,,,,,,,,,,,,,,,,,,,,,,,,,,,,,,,,,,,,,,,,,,,,,,,,,,,,,,,,,,,,,,,,,,,,,,,,,,,,,,,,,,,,,,,,,,,,,,,,,,,,,,,,,,,58346,,,42.401901245117,-71.119300842285,-1,
R_3hGzzICSkdKgkwo,Default Response Set,"Test, Fletcher Tuition",,emma.morgan@tufts.edu,130.64.106.147,0,2015-10-29 09:17:19,2015-10-29 09:18:03,0,TR,Fletcher,,,"Fletcher (MALD, MA, LLM)",,,,,,,,,,,,,,,,,1,,,,,,,,,,,,,,,,,,,,,,,,,,,,,,,,,,,,,,,,,,,,,,,,,,,,,,,,,,,,,,,,,,,,,,,,,,,,,,,,,,,,,,,,,,,,,,,,,,,,,,,,,,,,,,,,,,,,,,,,,,,,,,,,,,,,,,,,,,,,,,,,,,,,,,,,,,,,,,,,,,,,,,,,,,,,,,,,,,,,,,,,,,,,,,,,,,,,,,-1,
R_3Kj3xOMYXm0agHb,Default Response Set,"Frankfort, Michelle",,michelle.frankfort@tufts.edu,130.64.183.241,0,2015-12-04 11:47:55,2015-12-04 12:30:27,1,SFA; TR; Income,Friedman,Friedman SNSP,,Friedman SNSP,,,Friedman SNSP,,,,Friedman SNSP,,,,,Friedman SNSP,,,,,1,,6883834,,6883834,,,,1629709,23.7%,6883834,283741,500,,173672,,653754,0,65109,65109,48000,3025818,3073818,0,,,,2348572,34.1%,3073818,44.7%,5422390,78.8%,6883834,,,,,,,,,1,93,99,106.5%,10993,263,193,73.4%,97,36.9%,99,37.6%,,,,,,,,,,,,,,,,,,,,,,,,,,,,,,,,,,,,,,,,,,,,,,,,,,,,,,,,,,,,,,,,,,,,,,,,,,,,,,,,,,,,,,,,,,,,,,,,,,,,,,,,,,,,,,,,,,,,,,,,,,,,,,,,,,,,,,,,,,,,34032,,AS OF 12/4; PLEASE NOTE CORRECTION NEEDED FOR TALLYING IN SURVEY OF DIRECT CONTRIBUTIONS SECTION WHICH IS TOTALLING IN SURVEY 653754 & IT SHOULD BE 457913 ALSO TARA'S FIRSY YEAR STUDENTS RECEIVING AID IS A DIFFERENT NUMBER THAN WE HAVE; WILL NEED TO FOLLOW UP WITH TARA ON MONDAY.,42.401901245117,-71.119300842285,-1,
R_x4QIvdoqMfVEm6l,Default Response Set,"Rollins, James",,james.rollins@tufts.edu,130.64.199.109,0,2015-12-02 08:29:58,2015-12-04 15:21:38,1,SFA; Income,Fletcher,Fletcher,,,,,Fletcher,,,,Fletcher,,,,,Fletcher,,,,,1,,24298472,484350,24782822,,,,7952910,32.1%,24782822,1295517,,,674917,,1970434,,,,,,,,,,,7952910,32.1%,,,7952910,32.1%,24782822,,,,,,,,,1,239,181,75.7%,15331,486,458,94.2%,,0.0%,,0.0%,,,,,,,,,,,,,,,,,,,,,,,,,,,,,,,,,,,,,,,,,,,,,,,,,,,,,,,,,,,,,,,,,,,,,,,,,,,,,,,,,,,,,,,,,,,,,,,,,,,,,,,,,,,,,,,,,,,,,,,,,,,,,,,,,,,,,,,,,,,,,,"(1) In the past, Patricia Reilly has provided the loan and work study information that I have left blank. (2) The Total Enrollment figure on the T10 page represents financial FTEs ",42.401901245117,-71.119300842285,-1,
R_3MSu1t47Df8ObqN,Default Response Set,Anonymous,,,130.64.254.229,0,2015-11-09 13:52:48,2015-11-09 13:53:00,0,,,,,,,,,,,,,,,,,,,,,,1,,,,,,,,,,,,,,,,,,,,,,,,,,,,,,,,,,,,,,,,,,,,,,,,,,,,,,,,,,,,,,,,,,,,,,,,,,,,,,,,,,,,,,,,,,,,,,,,,,,,,,,,,,,,,,,,,,,,,,,,,,,,,,,,,,,,,,,,,,,,,,,,,,,,,,,,,,,,,,,,,,,,,,,,,,,,,,,,,,,,,,,,,,,,,,,,,,,,,,-1,
R_ODqWguvD9h5OQcV,Default Response Set,Anonymous,,,130.64.254.229,0,2015-11-10 10:23:46,2015-11-10 10:23:58,0,,,,,,,,,,,,,,,,,,,,,,1,,,,,,,,,,,,,,,,,,,,,,,,,,,,,,,,,,,,,,,,,,,,,,,,,,,,,,,,,,,,,,,,,,,,,,,,,,,,,,,,,,,,,,,,,,,,,,,,,,,,,,,,,,,,,,,,,,,,,,,,,,,,,,,,,,,,,,,,,,,,,,,,,,,,,,,,,,,,,,,,,,,,,,,,,,,,,,,,,,,,,,,,,,,,,,,,,,,,,,-1,
R_79tlNhDeGEKnQot,Default Response Set,"Dudley, Jonathan",,jonathan.dudley@tufts.edu,130.64.206.118,0,2016-01-14 09:45:10,2016-01-14 11:50:29,1,SFA; TR; Income,GSAS & GSOE,GSAS,SoE (Grad),Graduate School of A&S,SoE (Grad),Undergraduate AS&E,GSAS,SoE (Grad),Arts & Sciences - Undergraduate,School of Engineering - Undergraduate,,,,,,,,,,,1,,27138776,,27138776,,,,17764626,65.5%,27138776,,0,194417,656534,,850951,,,,,,,,,,,,,,,,,,,,,,,,,,1,,,,,,,,,,,,12484389,,12484389,,,,5779318,46.3%,12484389,,,166159,464299,,630458,,,,,,,,,,,,1,,,,,,,,,,,,203312549,34207423,237519972,38739582,8286270,47025852,,,,,,,,,,,,,,,,,,,,,,,,,,,,,,,,,,,,,,,,,,,,,,,,,,,,,,,,,,,,,,,,,,,,,,,,,,,,,,,,,,,,,,,,,,,49520,7134,5960,756,328,46441,46441,,42.401901245117,-71.119300842285,-1,
